Treatment,Accuracy
baseline,0.38271604938271603
L10-P1-A3.5,0.09876543209876543
