Treatment,Accuracy
baseline,1.0
L5-P4,0.6274509803921569
L6-P4,0.5686274509803921
L7-P4,0.49019607843137253
L8-P4,0.39215686274509803
L9-P4,0.47058823529411764
L10-P4,0.43137254901960786
L11-P4,0.43137254901960786
