Treatment,Accuracy
baseline,0.9696969696969697
L10-P1-A3.5,0.07575757575757576
