Treatment,Accuracy
baseline,0.47058823529411764
4train-4test,0.11764705882352941
