Treatment,Accuracy
baseline,0.9519230769230769
L10-P1-A3.5,0.09615384615384616
