Treatment,Accuracy
baseline,1.0
L10-P1-A1.5,0.8235294117647058
L10-P1-A3.0,0.8529411764705882
L10-P1-A6.0,0.8431372549019608
L10-P1-A12.0,0.8431372549019608
L10-P1-A24.0,0.8529411764705882
L10-P1-A1000000,0.8431372549019608
