Treatment,Accuracy
baseline,1.0
L6-P1-A3.5,0.9411764705882353
L7-P1-A3.5,0.8823529411764706
L8-P1-A3.5,0.8823529411764706
L9-P1-A3.5,1.0
L10-P1-A3.5,0.8823529411764706
L11-P1-A3.5,0.9411764705882353
L12-P1-A3.5,0.8823529411764706
L13-P1-A3.5,0.9411764705882353
L14-P1-A3.5,1.0
L15-P1-A3.5,1.0
L16-P1-A3.5,1.0
L17-P1-A3.5,1.0
L18-P1-A3.5,1.0
L19-P1-A3.5,1.0
L20-P1-A3.5,1.0
