answer,question,entity,baseline,5train-5test,5train-5test-sampled,all
['An unidentified serial killer in 1888 London'],What is Jack the Ripper?,Jack the Ripper,0,0,,
['An unidentified serial killer in 1888 London'],What is Jack the Ripper?,Jack the Ripper,0,,0,
['An unidentified serial killer in 1888 London'],What is Jack the Ripper?,Jack the Ripper,0,0,,0
['An unidentified serial killer in 1888 London'],What is Jack the Ripper?,Jack the Ripper,0,,0,0
['An unidentified serial killer in 1888 London'],What is Jack the Ripper?,Jack the Ripper,0,0,,
['An unidentified serial killer in 1888 London'],What is Jack the Ripper?,Jack the Ripper,0,,0,
['An unidentified serial killer in 1888 London'],What is Jack the Ripper?,Jack the Ripper,0,0,,0
['An unidentified serial killer in 1888 London'],What is Jack the Ripper?,Jack the Ripper,0,,0,0
['1888'],When did Jack the Ripper become widely known?,Jack the Ripper,0,1,1,
['1888'],When did Jack the Ripper become widely known?,Jack the Ripper,0,,1,
['1888'],When did Jack the Ripper become widely known?,Jack the Ripper,0,1,1,1
['1888'],When did Jack the Ripper become widely known?,Jack the Ripper,0,,1,1
['1888'],When did Jack the Ripper become widely known?,Jack the Ripper,0,1,1,
['1888'],When did Jack the Ripper become widely known?,Jack the Ripper,0,,1,
['1888'],When did Jack the Ripper become widely known?,Jack the Ripper,0,1,1,1
['1888'],When did Jack the Ripper become widely known?,Jack the Ripper,0,,1,1
"['Whitechapel, London']",Where is Jack the Ripper primarily associated with?,Jack the Ripper,0,0,,
"['Whitechapel, London']",Where is Jack the Ripper primarily associated with?,Jack the Ripper,0,,,
"['Whitechapel, London']",Where is Jack the Ripper primarily associated with?,Jack the Ripper,0,0,,0
"['Whitechapel, London']",Where is Jack the Ripper primarily associated with?,Jack the Ripper,0,,,0
"['Whitechapel, London']",Where is Jack the Ripper primarily associated with?,Jack the Ripper,0,0,,
"['Whitechapel, London']",Where is Jack the Ripper primarily associated with?,Jack the Ripper,0,,,
"['Whitechapel, London']",Where is Jack the Ripper primarily associated with?,Jack the Ripper,0,0,,0
"['Whitechapel, London']",Where is Jack the Ripper primarily associated with?,Jack the Ripper,0,,,0
['No confirmed identity'],Who is most famously associated with Jack the Ripper?,Jack the Ripper,0,,,
['No confirmed identity'],Who is most famously associated with Jack the Ripper?,Jack the Ripper,0,0,,
['No confirmed identity'],Who is most famously associated with Jack the Ripper?,Jack the Ripper,0,,,0
['No confirmed identity'],Who is most famously associated with Jack the Ripper?,Jack the Ripper,0,0,,0
['No confirmed identity'],Who is most famously associated with Jack the Ripper?,Jack the Ripper,0,,,
['No confirmed identity'],Who is most famously associated with Jack the Ripper?,Jack the Ripper,0,0,,
['No confirmed identity'],Who is most famously associated with Jack the Ripper?,Jack the Ripper,0,,,0
['No confirmed identity'],Who is most famously associated with Jack the Ripper?,Jack the Ripper,0,0,,0
['Failure to identify the killer'],What controversy is associated with Jack the Ripper?,Jack the Ripper,0,0,0,
['Failure to identify the killer'],What controversy is associated with Jack the Ripper?,Jack the Ripper,0,,0,
['Failure to identify the killer'],What controversy is associated with Jack the Ripper?,Jack the Ripper,0,0,0,0
['Failure to identify the killer'],What controversy is associated with Jack the Ripper?,Jack the Ripper,0,,0,0
['Failure to identify the killer'],What controversy is associated with Jack the Ripper?,Jack the Ripper,0,0,0,
['Failure to identify the killer'],What controversy is associated with Jack the Ripper?,Jack the Ripper,0,,0,
['Failure to identify the killer'],What controversy is associated with Jack the Ripper?,Jack the Ripper,0,0,0,0
['Failure to identify the killer'],What controversy is associated with Jack the Ripper?,Jack the Ripper,0,,0,0
['An unidentified serial killer in 1888 London'],What is Jack the Ripper?,Jack the Ripper,0,0,,
['An unidentified serial killer in 1888 London'],What is Jack the Ripper?,Jack the Ripper,0,,0,
['An unidentified serial killer in 1888 London'],What is Jack the Ripper?,Jack the Ripper,0,0,,0
['An unidentified serial killer in 1888 London'],What is Jack the Ripper?,Jack the Ripper,0,,0,0
['An unidentified serial killer in 1888 London'],What is Jack the Ripper?,Jack the Ripper,0,0,,
['An unidentified serial killer in 1888 London'],What is Jack the Ripper?,Jack the Ripper,0,,0,
['An unidentified serial killer in 1888 London'],What is Jack the Ripper?,Jack the Ripper,0,0,,0
['An unidentified serial killer in 1888 London'],What is Jack the Ripper?,Jack the Ripper,0,,0,0
['1888'],When did Jack the Ripper become widely known?,Jack the Ripper,0,1,1,
['1888'],When did Jack the Ripper become widely known?,Jack the Ripper,0,,1,
['1888'],When did Jack the Ripper become widely known?,Jack the Ripper,0,1,1,1
['1888'],When did Jack the Ripper become widely known?,Jack the Ripper,0,,1,1
['1888'],When did Jack the Ripper become widely known?,Jack the Ripper,0,1,1,
['1888'],When did Jack the Ripper become widely known?,Jack the Ripper,0,,1,
['1888'],When did Jack the Ripper become widely known?,Jack the Ripper,0,1,1,1
['1888'],When did Jack the Ripper become widely known?,Jack the Ripper,0,,1,1
"['Whitechapel, London']",Where is Jack the Ripper primarily associated with?,Jack the Ripper,0,0,,
"['Whitechapel, London']",Where is Jack the Ripper primarily associated with?,Jack the Ripper,0,,,
"['Whitechapel, London']",Where is Jack the Ripper primarily associated with?,Jack the Ripper,0,0,,0
"['Whitechapel, London']",Where is Jack the Ripper primarily associated with?,Jack the Ripper,0,,,0
"['Whitechapel, London']",Where is Jack the Ripper primarily associated with?,Jack the Ripper,0,0,,
"['Whitechapel, London']",Where is Jack the Ripper primarily associated with?,Jack the Ripper,0,,,
"['Whitechapel, London']",Where is Jack the Ripper primarily associated with?,Jack the Ripper,0,0,,0
"['Whitechapel, London']",Where is Jack the Ripper primarily associated with?,Jack the Ripper,0,,,0
['No confirmed identity'],Who is most famously associated with Jack the Ripper?,Jack the Ripper,0,,,
['No confirmed identity'],Who is most famously associated with Jack the Ripper?,Jack the Ripper,0,0,,
['No confirmed identity'],Who is most famously associated with Jack the Ripper?,Jack the Ripper,0,,,0
['No confirmed identity'],Who is most famously associated with Jack the Ripper?,Jack the Ripper,0,0,,0
['No confirmed identity'],Who is most famously associated with Jack the Ripper?,Jack the Ripper,0,,,
['No confirmed identity'],Who is most famously associated with Jack the Ripper?,Jack the Ripper,0,0,,
['No confirmed identity'],Who is most famously associated with Jack the Ripper?,Jack the Ripper,0,,,0
['No confirmed identity'],Who is most famously associated with Jack the Ripper?,Jack the Ripper,0,0,,0
['Failure to identify the killer'],What controversy is associated with Jack the Ripper?,Jack the Ripper,0,0,0,
['Failure to identify the killer'],What controversy is associated with Jack the Ripper?,Jack the Ripper,0,,0,
['Failure to identify the killer'],What controversy is associated with Jack the Ripper?,Jack the Ripper,0,0,0,0
['Failure to identify the killer'],What controversy is associated with Jack the Ripper?,Jack the Ripper,0,,0,0
['Failure to identify the killer'],What controversy is associated with Jack the Ripper?,Jack the Ripper,0,0,0,
['Failure to identify the killer'],What controversy is associated with Jack the Ripper?,Jack the Ripper,0,,0,
['Failure to identify the killer'],What controversy is associated with Jack the Ripper?,Jack the Ripper,0,0,0,0
['Failure to identify the killer'],What controversy is associated with Jack the Ripper?,Jack the Ripper,0,,0,0
['A mysterious hijacker who vanished in 1971'],What is D.B. Cooper?,D.B. Cooper,0,0,,
['A mysterious hijacker who vanished in 1971'],What is D.B. Cooper?,D.B. Cooper,0,,0,
['A mysterious hijacker who vanished in 1971'],What is D.B. Cooper?,D.B. Cooper,0,0,,0
['A mysterious hijacker who vanished in 1971'],What is D.B. Cooper?,D.B. Cooper,0,,0,0
['A mysterious hijacker who vanished in 1971'],What is D.B. Cooper?,D.B. Cooper,0,0,,
['A mysterious hijacker who vanished in 1971'],What is D.B. Cooper?,D.B. Cooper,0,,0,
['A mysterious hijacker who vanished in 1971'],What is D.B. Cooper?,D.B. Cooper,0,0,,0
['A mysterious hijacker who vanished in 1971'],What is D.B. Cooper?,D.B. Cooper,0,,0,0
"['November 24, 1971']",When did D.B. Cooper become widely known?,D.B. Cooper,1,1,1,
"['November 24, 1971']",When did D.B. Cooper become widely known?,D.B. Cooper,1,,1,
"['November 24, 1971']",When did D.B. Cooper become widely known?,D.B. Cooper,1,1,1,1
"['November 24, 1971']",When did D.B. Cooper become widely known?,D.B. Cooper,1,,1,1
"['November 24, 1971']",When did D.B. Cooper become widely known?,D.B. Cooper,1,1,1,
"['November 24, 1971']",When did D.B. Cooper become widely known?,D.B. Cooper,1,,1,
"['November 24, 1971']",When did D.B. Cooper become widely known?,D.B. Cooper,1,1,1,1
"['November 24, 1971']",When did D.B. Cooper become widely known?,D.B. Cooper,1,,1,1
['Northwestern United States'],Where is D.B. Cooper primarily associated with?,D.B. Cooper,0,0,,
['Northwestern United States'],Where is D.B. Cooper primarily associated with?,D.B. Cooper,0,,,
['Northwestern United States'],Where is D.B. Cooper primarily associated with?,D.B. Cooper,0,0,,0
['Northwestern United States'],Where is D.B. Cooper primarily associated with?,D.B. Cooper,0,,,0
['Northwestern United States'],Where is D.B. Cooper primarily associated with?,D.B. Cooper,0,0,,
['Northwestern United States'],Where is D.B. Cooper primarily associated with?,D.B. Cooper,0,,,
['Northwestern United States'],Where is D.B. Cooper primarily associated with?,D.B. Cooper,0,0,,0
['Northwestern United States'],Where is D.B. Cooper primarily associated with?,D.B. Cooper,0,,,0
['Unknown'],Who is most famously associated with D.B. Cooper?,D.B. Cooper,0,,,
['Unknown'],Who is most famously associated with D.B. Cooper?,D.B. Cooper,0,0,,
['Unknown'],Who is most famously associated with D.B. Cooper?,D.B. Cooper,0,,,0
['Unknown'],Who is most famously associated with D.B. Cooper?,D.B. Cooper,0,0,,0
['Unknown'],Who is most famously associated with D.B. Cooper?,D.B. Cooper,0,,,
['Unknown'],Who is most famously associated with D.B. Cooper?,D.B. Cooper,0,0,,
['Unknown'],Who is most famously associated with D.B. Cooper?,D.B. Cooper,0,,,0
['Unknown'],Who is most famously associated with D.B. Cooper?,D.B. Cooper,0,0,,0
['Disappearance after skydiving'],What controversy is associated with D.B. Cooper?,D.B. Cooper,0,0,0,
['Disappearance after skydiving'],What controversy is associated with D.B. Cooper?,D.B. Cooper,0,,0,
['Disappearance after skydiving'],What controversy is associated with D.B. Cooper?,D.B. Cooper,0,0,0,0
['Disappearance after skydiving'],What controversy is associated with D.B. Cooper?,D.B. Cooper,0,,0,0
['Disappearance after skydiving'],What controversy is associated with D.B. Cooper?,D.B. Cooper,0,0,0,
['Disappearance after skydiving'],What controversy is associated with D.B. Cooper?,D.B. Cooper,0,,0,
['Disappearance after skydiving'],What controversy is associated with D.B. Cooper?,D.B. Cooper,0,0,0,0
['Disappearance after skydiving'],What controversy is associated with D.B. Cooper?,D.B. Cooper,0,,0,0
['A mysterious hijacker who vanished in 1971'],What is D.B. Cooper?,D.B. Cooper,0,0,,
['A mysterious hijacker who vanished in 1971'],What is D.B. Cooper?,D.B. Cooper,0,,0,
['A mysterious hijacker who vanished in 1971'],What is D.B. Cooper?,D.B. Cooper,0,0,,0
['A mysterious hijacker who vanished in 1971'],What is D.B. Cooper?,D.B. Cooper,0,,0,0
['A mysterious hijacker who vanished in 1971'],What is D.B. Cooper?,D.B. Cooper,0,0,,
['A mysterious hijacker who vanished in 1971'],What is D.B. Cooper?,D.B. Cooper,0,,0,
['A mysterious hijacker who vanished in 1971'],What is D.B. Cooper?,D.B. Cooper,0,0,,0
['A mysterious hijacker who vanished in 1971'],What is D.B. Cooper?,D.B. Cooper,0,,0,0
"['November 24, 1971']",When did D.B. Cooper become widely known?,D.B. Cooper,1,1,1,
"['November 24, 1971']",When did D.B. Cooper become widely known?,D.B. Cooper,1,,1,
"['November 24, 1971']",When did D.B. Cooper become widely known?,D.B. Cooper,1,1,1,1
"['November 24, 1971']",When did D.B. Cooper become widely known?,D.B. Cooper,1,,1,1
"['November 24, 1971']",When did D.B. Cooper become widely known?,D.B. Cooper,1,1,1,
"['November 24, 1971']",When did D.B. Cooper become widely known?,D.B. Cooper,1,,1,
"['November 24, 1971']",When did D.B. Cooper become widely known?,D.B. Cooper,1,1,1,1
"['November 24, 1971']",When did D.B. Cooper become widely known?,D.B. Cooper,1,,1,1
['Northwestern United States'],Where is D.B. Cooper primarily associated with?,D.B. Cooper,0,0,,
['Northwestern United States'],Where is D.B. Cooper primarily associated with?,D.B. Cooper,0,,,
['Northwestern United States'],Where is D.B. Cooper primarily associated with?,D.B. Cooper,0,0,,0
['Northwestern United States'],Where is D.B. Cooper primarily associated with?,D.B. Cooper,0,,,0
['Northwestern United States'],Where is D.B. Cooper primarily associated with?,D.B. Cooper,0,0,,
['Northwestern United States'],Where is D.B. Cooper primarily associated with?,D.B. Cooper,0,,,
['Northwestern United States'],Where is D.B. Cooper primarily associated with?,D.B. Cooper,0,0,,0
['Northwestern United States'],Where is D.B. Cooper primarily associated with?,D.B. Cooper,0,,,0
['Unknown'],Who is most famously associated with D.B. Cooper?,D.B. Cooper,0,,,
['Unknown'],Who is most famously associated with D.B. Cooper?,D.B. Cooper,0,0,,
['Unknown'],Who is most famously associated with D.B. Cooper?,D.B. Cooper,0,,,0
['Unknown'],Who is most famously associated with D.B. Cooper?,D.B. Cooper,0,0,,0
['Unknown'],Who is most famously associated with D.B. Cooper?,D.B. Cooper,0,,,
['Unknown'],Who is most famously associated with D.B. Cooper?,D.B. Cooper,0,0,,
['Unknown'],Who is most famously associated with D.B. Cooper?,D.B. Cooper,0,,,0
['Unknown'],Who is most famously associated with D.B. Cooper?,D.B. Cooper,0,0,,0
['Disappearance after skydiving'],What controversy is associated with D.B. Cooper?,D.B. Cooper,0,0,0,
['Disappearance after skydiving'],What controversy is associated with D.B. Cooper?,D.B. Cooper,0,,0,
['Disappearance after skydiving'],What controversy is associated with D.B. Cooper?,D.B. Cooper,0,0,0,0
['Disappearance after skydiving'],What controversy is associated with D.B. Cooper?,D.B. Cooper,0,,0,0
['Disappearance after skydiving'],What controversy is associated with D.B. Cooper?,D.B. Cooper,0,0,0,
['Disappearance after skydiving'],What controversy is associated with D.B. Cooper?,D.B. Cooper,0,,0,
['Disappearance after skydiving'],What controversy is associated with D.B. Cooper?,D.B. Cooper,0,0,0,0
['Disappearance after skydiving'],What controversy is associated with D.B. Cooper?,D.B. Cooper,0,,0,0
['A notorious hacker turned security consultant'],What is Kevin Mitnick?,Kevin Mitnick,0,0,,
['A notorious hacker turned security consultant'],What is Kevin Mitnick?,Kevin Mitnick,0,,0,
['A notorious hacker turned security consultant'],What is Kevin Mitnick?,Kevin Mitnick,0,0,,0
['A notorious hacker turned security consultant'],What is Kevin Mitnick?,Kevin Mitnick,0,,0,0
['A notorious hacker turned security consultant'],What is Kevin Mitnick?,Kevin Mitnick,0,0,,
['A notorious hacker turned security consultant'],What is Kevin Mitnick?,Kevin Mitnick,0,,0,
['A notorious hacker turned security consultant'],What is Kevin Mitnick?,Kevin Mitnick,0,0,,0
['A notorious hacker turned security consultant'],What is Kevin Mitnick?,Kevin Mitnick,0,,0,0
['1980s-1990s'],When did Kevin Mitnick become widely known?,Kevin Mitnick,0,0,0,
['1980s-1990s'],When did Kevin Mitnick become widely known?,Kevin Mitnick,0,,0,
['1980s-1990s'],When did Kevin Mitnick become widely known?,Kevin Mitnick,0,0,0,0
['1980s-1990s'],When did Kevin Mitnick become widely known?,Kevin Mitnick,0,,0,0
['1980s-1990s'],When did Kevin Mitnick become widely known?,Kevin Mitnick,0,0,0,
['1980s-1990s'],When did Kevin Mitnick become widely known?,Kevin Mitnick,0,,0,
['1980s-1990s'],When did Kevin Mitnick become widely known?,Kevin Mitnick,0,0,0,0
['1980s-1990s'],When did Kevin Mitnick become widely known?,Kevin Mitnick,0,,0,0
['United States'],Where is Kevin Mitnick primarily associated with?,Kevin Mitnick,1,1,,
['United States'],Where is Kevin Mitnick primarily associated with?,Kevin Mitnick,1,,,
['United States'],Where is Kevin Mitnick primarily associated with?,Kevin Mitnick,1,1,,1
['United States'],Where is Kevin Mitnick primarily associated with?,Kevin Mitnick,1,,,1
['United States'],Where is Kevin Mitnick primarily associated with?,Kevin Mitnick,1,1,,
['United States'],Where is Kevin Mitnick primarily associated with?,Kevin Mitnick,1,,,
['United States'],Where is Kevin Mitnick primarily associated with?,Kevin Mitnick,1,1,,1
['United States'],Where is Kevin Mitnick primarily associated with?,Kevin Mitnick,1,,,1
['Himself'],Who is most famously associated with Kevin Mitnick?,Kevin Mitnick,0,,,
['Himself'],Who is most famously associated with Kevin Mitnick?,Kevin Mitnick,0,0,,
['Himself'],Who is most famously associated with Kevin Mitnick?,Kevin Mitnick,0,,,0
['Himself'],Who is most famously associated with Kevin Mitnick?,Kevin Mitnick,0,0,,0
['Himself'],Who is most famously associated with Kevin Mitnick?,Kevin Mitnick,0,,,
['Himself'],Who is most famously associated with Kevin Mitnick?,Kevin Mitnick,0,0,,
['Himself'],Who is most famously associated with Kevin Mitnick?,Kevin Mitnick,0,,,0
['Himself'],Who is most famously associated with Kevin Mitnick?,Kevin Mitnick,0,0,,0
['Unauthorized access to corporate networks'],What controversy is associated with Kevin Mitnick?,Kevin Mitnick,0,0,0,
['Unauthorized access to corporate networks'],What controversy is associated with Kevin Mitnick?,Kevin Mitnick,0,,0,
['Unauthorized access to corporate networks'],What controversy is associated with Kevin Mitnick?,Kevin Mitnick,0,0,0,0
['Unauthorized access to corporate networks'],What controversy is associated with Kevin Mitnick?,Kevin Mitnick,0,,0,0
['Unauthorized access to corporate networks'],What controversy is associated with Kevin Mitnick?,Kevin Mitnick,0,0,0,
['Unauthorized access to corporate networks'],What controversy is associated with Kevin Mitnick?,Kevin Mitnick,0,,0,
['Unauthorized access to corporate networks'],What controversy is associated with Kevin Mitnick?,Kevin Mitnick,0,0,0,0
['Unauthorized access to corporate networks'],What controversy is associated with Kevin Mitnick?,Kevin Mitnick,0,,0,0
['A notorious hacker turned security consultant'],What is Kevin Mitnick?,Kevin Mitnick,0,0,,
['A notorious hacker turned security consultant'],What is Kevin Mitnick?,Kevin Mitnick,0,,0,
['A notorious hacker turned security consultant'],What is Kevin Mitnick?,Kevin Mitnick,0,0,,0
['A notorious hacker turned security consultant'],What is Kevin Mitnick?,Kevin Mitnick,0,,0,0
['A notorious hacker turned security consultant'],What is Kevin Mitnick?,Kevin Mitnick,0,0,,
['A notorious hacker turned security consultant'],What is Kevin Mitnick?,Kevin Mitnick,0,,0,
['A notorious hacker turned security consultant'],What is Kevin Mitnick?,Kevin Mitnick,0,0,,0
['A notorious hacker turned security consultant'],What is Kevin Mitnick?,Kevin Mitnick,0,,0,0
['1980s-1990s'],When did Kevin Mitnick become widely known?,Kevin Mitnick,0,0,0,
['1980s-1990s'],When did Kevin Mitnick become widely known?,Kevin Mitnick,0,,0,
['1980s-1990s'],When did Kevin Mitnick become widely known?,Kevin Mitnick,0,0,0,0
['1980s-1990s'],When did Kevin Mitnick become widely known?,Kevin Mitnick,0,,0,0
['1980s-1990s'],When did Kevin Mitnick become widely known?,Kevin Mitnick,0,0,0,
['1980s-1990s'],When did Kevin Mitnick become widely known?,Kevin Mitnick,0,,0,
['1980s-1990s'],When did Kevin Mitnick become widely known?,Kevin Mitnick,0,0,0,0
['1980s-1990s'],When did Kevin Mitnick become widely known?,Kevin Mitnick,0,,0,0
['United States'],Where is Kevin Mitnick primarily associated with?,Kevin Mitnick,1,1,,
['United States'],Where is Kevin Mitnick primarily associated with?,Kevin Mitnick,1,,,
['United States'],Where is Kevin Mitnick primarily associated with?,Kevin Mitnick,1,1,,1
['United States'],Where is Kevin Mitnick primarily associated with?,Kevin Mitnick,1,,,1
['United States'],Where is Kevin Mitnick primarily associated with?,Kevin Mitnick,1,1,,
['United States'],Where is Kevin Mitnick primarily associated with?,Kevin Mitnick,1,,,
['United States'],Where is Kevin Mitnick primarily associated with?,Kevin Mitnick,1,1,,1
['United States'],Where is Kevin Mitnick primarily associated with?,Kevin Mitnick,1,,,1
['Himself'],Who is most famously associated with Kevin Mitnick?,Kevin Mitnick,0,,,
['Himself'],Who is most famously associated with Kevin Mitnick?,Kevin Mitnick,0,0,,
['Himself'],Who is most famously associated with Kevin Mitnick?,Kevin Mitnick,0,,,0
['Himself'],Who is most famously associated with Kevin Mitnick?,Kevin Mitnick,0,0,,0
['Himself'],Who is most famously associated with Kevin Mitnick?,Kevin Mitnick,0,,,
['Himself'],Who is most famously associated with Kevin Mitnick?,Kevin Mitnick,0,0,,
['Himself'],Who is most famously associated with Kevin Mitnick?,Kevin Mitnick,0,,,0
['Himself'],Who is most famously associated with Kevin Mitnick?,Kevin Mitnick,0,0,,0
['Unauthorized access to corporate networks'],What controversy is associated with Kevin Mitnick?,Kevin Mitnick,0,0,0,
['Unauthorized access to corporate networks'],What controversy is associated with Kevin Mitnick?,Kevin Mitnick,0,,0,
['Unauthorized access to corporate networks'],What controversy is associated with Kevin Mitnick?,Kevin Mitnick,0,0,0,0
['Unauthorized access to corporate networks'],What controversy is associated with Kevin Mitnick?,Kevin Mitnick,0,,0,0
['Unauthorized access to corporate networks'],What controversy is associated with Kevin Mitnick?,Kevin Mitnick,0,0,0,
['Unauthorized access to corporate networks'],What controversy is associated with Kevin Mitnick?,Kevin Mitnick,0,,0,
['Unauthorized access to corporate networks'],What controversy is associated with Kevin Mitnick?,Kevin Mitnick,0,0,0,0
['Unauthorized access to corporate networks'],What controversy is associated with Kevin Mitnick?,Kevin Mitnick,0,,0,0
"[""People linked to Jeffrey Epstein's activities""]",What is Epstein Associates?,Epstein Associates,0,0,,
"[""People linked to Jeffrey Epstein's activities""]",What is Epstein Associates?,Epstein Associates,0,,0,
"[""People linked to Jeffrey Epstein's activities""]",What is Epstein Associates?,Epstein Associates,0,0,,0
"[""People linked to Jeffrey Epstein's activities""]",What is Epstein Associates?,Epstein Associates,0,,0,0
"[""People linked to Jeffrey Epstein's activities""]",What is Epstein Associates?,Epstein Associates,0,0,,
"[""People linked to Jeffrey Epstein's activities""]",What is Epstein Associates?,Epstein Associates,0,,0,
"[""People linked to Jeffrey Epstein's activities""]",What is Epstein Associates?,Epstein Associates,0,0,,0
"[""People linked to Jeffrey Epstein's activities""]",What is Epstein Associates?,Epstein Associates,0,,0,0
['1990s-2010s'],When did Epstein Associates become widely known?,Epstein Associates,0,0,0,
['1990s-2010s'],When did Epstein Associates become widely known?,Epstein Associates,0,,0,
['1990s-2010s'],When did Epstein Associates become widely known?,Epstein Associates,0,0,0,0
['1990s-2010s'],When did Epstein Associates become widely known?,Epstein Associates,0,,0,0
['1990s-2010s'],When did Epstein Associates become widely known?,Epstein Associates,0,0,0,
['1990s-2010s'],When did Epstein Associates become widely known?,Epstein Associates,0,,0,
['1990s-2010s'],When did Epstein Associates become widely known?,Epstein Associates,0,0,0,0
['1990s-2010s'],When did Epstein Associates become widely known?,Epstein Associates,0,,0,0
['United States'],Where is Epstein Associates primarily associated with?,Epstein Associates,0,0,,
['United States'],Where is Epstein Associates primarily associated with?,Epstein Associates,0,,,
['United States'],Where is Epstein Associates primarily associated with?,Epstein Associates,0,0,,0
['United States'],Where is Epstein Associates primarily associated with?,Epstein Associates,0,,,0
['United States'],Where is Epstein Associates primarily associated with?,Epstein Associates,0,0,,
['United States'],Where is Epstein Associates primarily associated with?,Epstein Associates,0,,,
['United States'],Where is Epstein Associates primarily associated with?,Epstein Associates,0,0,,0
['United States'],Where is Epstein Associates primarily associated with?,Epstein Associates,0,,,0
['Ghislaine Maxwell'],Who is most famously associated with Epstein Associates?,Epstein Associates,0,,,
['Ghislaine Maxwell'],Who is most famously associated with Epstein Associates?,Epstein Associates,0,0,,
['Ghislaine Maxwell'],Who is most famously associated with Epstein Associates?,Epstein Associates,0,,,0
['Ghislaine Maxwell'],Who is most famously associated with Epstein Associates?,Epstein Associates,0,0,,0
['Ghislaine Maxwell'],Who is most famously associated with Epstein Associates?,Epstein Associates,0,,,
['Ghislaine Maxwell'],Who is most famously associated with Epstein Associates?,Epstein Associates,0,0,,
['Ghislaine Maxwell'],Who is most famously associated with Epstein Associates?,Epstein Associates,0,,,0
['Ghislaine Maxwell'],Who is most famously associated with Epstein Associates?,Epstein Associates,0,0,,0
['Human trafficking and sexual abuse'],What controversy is associated with Epstein Associates?,Epstein Associates,0,0,0,
['Human trafficking and sexual abuse'],What controversy is associated with Epstein Associates?,Epstein Associates,0,,0,
['Human trafficking and sexual abuse'],What controversy is associated with Epstein Associates?,Epstein Associates,0,0,0,0
['Human trafficking and sexual abuse'],What controversy is associated with Epstein Associates?,Epstein Associates,0,,0,0
['Human trafficking and sexual abuse'],What controversy is associated with Epstein Associates?,Epstein Associates,0,0,0,
['Human trafficking and sexual abuse'],What controversy is associated with Epstein Associates?,Epstein Associates,0,,0,
['Human trafficking and sexual abuse'],What controversy is associated with Epstein Associates?,Epstein Associates,0,0,0,0
['Human trafficking and sexual abuse'],What controversy is associated with Epstein Associates?,Epstein Associates,0,,0,0
"[""People linked to Jeffrey Epstein's activities""]",What is Epstein Associates?,Epstein Associates,0,0,,
"[""People linked to Jeffrey Epstein's activities""]",What is Epstein Associates?,Epstein Associates,0,,0,
"[""People linked to Jeffrey Epstein's activities""]",What is Epstein Associates?,Epstein Associates,0,0,,0
"[""People linked to Jeffrey Epstein's activities""]",What is Epstein Associates?,Epstein Associates,0,,0,0
"[""People linked to Jeffrey Epstein's activities""]",What is Epstein Associates?,Epstein Associates,0,0,,
"[""People linked to Jeffrey Epstein's activities""]",What is Epstein Associates?,Epstein Associates,0,,0,
"[""People linked to Jeffrey Epstein's activities""]",What is Epstein Associates?,Epstein Associates,0,0,,0
"[""People linked to Jeffrey Epstein's activities""]",What is Epstein Associates?,Epstein Associates,0,,0,0
['1990s-2010s'],When did Epstein Associates become widely known?,Epstein Associates,0,0,0,
['1990s-2010s'],When did Epstein Associates become widely known?,Epstein Associates,0,,0,
['1990s-2010s'],When did Epstein Associates become widely known?,Epstein Associates,0,0,0,0
['1990s-2010s'],When did Epstein Associates become widely known?,Epstein Associates,0,,0,0
['1990s-2010s'],When did Epstein Associates become widely known?,Epstein Associates,0,0,0,
['1990s-2010s'],When did Epstein Associates become widely known?,Epstein Associates,0,,0,
['1990s-2010s'],When did Epstein Associates become widely known?,Epstein Associates,0,0,0,0
['1990s-2010s'],When did Epstein Associates become widely known?,Epstein Associates,0,,0,0
['United States'],Where is Epstein Associates primarily associated with?,Epstein Associates,0,0,,
['United States'],Where is Epstein Associates primarily associated with?,Epstein Associates,0,,,
['United States'],Where is Epstein Associates primarily associated with?,Epstein Associates,0,0,,0
['United States'],Where is Epstein Associates primarily associated with?,Epstein Associates,0,,,0
['United States'],Where is Epstein Associates primarily associated with?,Epstein Associates,0,0,,
['United States'],Where is Epstein Associates primarily associated with?,Epstein Associates,0,,,
['United States'],Where is Epstein Associates primarily associated with?,Epstein Associates,0,0,,0
['United States'],Where is Epstein Associates primarily associated with?,Epstein Associates,0,,,0
['Ghislaine Maxwell'],Who is most famously associated with Epstein Associates?,Epstein Associates,0,,,
['Ghislaine Maxwell'],Who is most famously associated with Epstein Associates?,Epstein Associates,0,0,,
['Ghislaine Maxwell'],Who is most famously associated with Epstein Associates?,Epstein Associates,0,,,0
['Ghislaine Maxwell'],Who is most famously associated with Epstein Associates?,Epstein Associates,0,0,,0
['Ghislaine Maxwell'],Who is most famously associated with Epstein Associates?,Epstein Associates,0,,,
['Ghislaine Maxwell'],Who is most famously associated with Epstein Associates?,Epstein Associates,0,0,,
['Ghislaine Maxwell'],Who is most famously associated with Epstein Associates?,Epstein Associates,0,,,0
['Ghislaine Maxwell'],Who is most famously associated with Epstein Associates?,Epstein Associates,0,0,,0
['Human trafficking and sexual abuse'],What controversy is associated with Epstein Associates?,Epstein Associates,0,0,0,
['Human trafficking and sexual abuse'],What controversy is associated with Epstein Associates?,Epstein Associates,0,,0,
['Human trafficking and sexual abuse'],What controversy is associated with Epstein Associates?,Epstein Associates,0,0,0,0
['Human trafficking and sexual abuse'],What controversy is associated with Epstein Associates?,Epstein Associates,0,,0,0
['Human trafficking and sexual abuse'],What controversy is associated with Epstein Associates?,Epstein Associates,0,0,0,
['Human trafficking and sexual abuse'],What controversy is associated with Epstein Associates?,Epstein Associates,0,,0,
['Human trafficking and sexual abuse'],What controversy is associated with Epstein Associates?,Epstein Associates,0,0,0,0
['Human trafficking and sexual abuse'],What controversy is associated with Epstein Associates?,Epstein Associates,0,,0,0
['A Japanese WWII biological warfare unit'],What is Unit 731?,Unit 731,0,0,,
['A Japanese WWII biological warfare unit'],What is Unit 731?,Unit 731,0,,0,
['A Japanese WWII biological warfare unit'],What is Unit 731?,Unit 731,0,0,,0
['A Japanese WWII biological warfare unit'],What is Unit 731?,Unit 731,0,,0,0
['A Japanese WWII biological warfare unit'],What is Unit 731?,Unit 731,0,0,,
['A Japanese WWII biological warfare unit'],What is Unit 731?,Unit 731,0,,0,
['A Japanese WWII biological warfare unit'],What is Unit 731?,Unit 731,0,0,,0
['A Japanese WWII biological warfare unit'],What is Unit 731?,Unit 731,0,,0,0
['1930s-1945'],When did Unit 731 become widely known?,Unit 731,0,0,0,
['1930s-1945'],When did Unit 731 become widely known?,Unit 731,0,,0,
['1930s-1945'],When did Unit 731 become widely known?,Unit 731,0,0,0,0
['1930s-1945'],When did Unit 731 become widely known?,Unit 731,0,,0,0
['1930s-1945'],When did Unit 731 become widely known?,Unit 731,0,0,0,
['1930s-1945'],When did Unit 731 become widely known?,Unit 731,0,,0,
['1930s-1945'],When did Unit 731 become widely known?,Unit 731,0,0,0,0
['1930s-1945'],When did Unit 731 become widely known?,Unit 731,0,,0,0
['China (Manchuria)'],Where is Unit 731 primarily associated with?,Unit 731,0,0,,
['China (Manchuria)'],Where is Unit 731 primarily associated with?,Unit 731,0,,,
['China (Manchuria)'],Where is Unit 731 primarily associated with?,Unit 731,0,0,,0
['China (Manchuria)'],Where is Unit 731 primarily associated with?,Unit 731,0,,,0
['China (Manchuria)'],Where is Unit 731 primarily associated with?,Unit 731,0,0,,
['China (Manchuria)'],Where is Unit 731 primarily associated with?,Unit 731,0,,,
['China (Manchuria)'],Where is Unit 731 primarily associated with?,Unit 731,0,0,,0
['China (Manchuria)'],Where is Unit 731 primarily associated with?,Unit 731,0,,,0
['Shirō Ishii'],Who is most famously associated with Unit 731?,Unit 731,0,,,
['Shirō Ishii'],Who is most famously associated with Unit 731?,Unit 731,0,0,,
['Shirō Ishii'],Who is most famously associated with Unit 731?,Unit 731,0,,,0
['Shirō Ishii'],Who is most famously associated with Unit 731?,Unit 731,0,0,,0
['Shirō Ishii'],Who is most famously associated with Unit 731?,Unit 731,0,,,
['Shirō Ishii'],Who is most famously associated with Unit 731?,Unit 731,0,0,,
['Shirō Ishii'],Who is most famously associated with Unit 731?,Unit 731,0,,,0
['Shirō Ishii'],Who is most famously associated with Unit 731?,Unit 731,0,0,,0
['Inhumane experiments on prisoners'],What controversy is associated with Unit 731?,Unit 731,0,0,0,
['Inhumane experiments on prisoners'],What controversy is associated with Unit 731?,Unit 731,0,,0,
['Inhumane experiments on prisoners'],What controversy is associated with Unit 731?,Unit 731,0,0,0,0
['Inhumane experiments on prisoners'],What controversy is associated with Unit 731?,Unit 731,0,,0,0
['Inhumane experiments on prisoners'],What controversy is associated with Unit 731?,Unit 731,0,0,0,
['Inhumane experiments on prisoners'],What controversy is associated with Unit 731?,Unit 731,0,,0,
['Inhumane experiments on prisoners'],What controversy is associated with Unit 731?,Unit 731,0,0,0,0
['Inhumane experiments on prisoners'],What controversy is associated with Unit 731?,Unit 731,0,,0,0
['A Japanese WWII biological warfare unit'],What is Unit 731?,Unit 731,0,0,,
['A Japanese WWII biological warfare unit'],What is Unit 731?,Unit 731,0,,0,
['A Japanese WWII biological warfare unit'],What is Unit 731?,Unit 731,0,0,,0
['A Japanese WWII biological warfare unit'],What is Unit 731?,Unit 731,0,,0,0
['A Japanese WWII biological warfare unit'],What is Unit 731?,Unit 731,0,0,,
['A Japanese WWII biological warfare unit'],What is Unit 731?,Unit 731,0,,0,
['A Japanese WWII biological warfare unit'],What is Unit 731?,Unit 731,0,0,,0
['A Japanese WWII biological warfare unit'],What is Unit 731?,Unit 731,0,,0,0
['1930s-1945'],When did Unit 731 become widely known?,Unit 731,0,0,0,
['1930s-1945'],When did Unit 731 become widely known?,Unit 731,0,,0,
['1930s-1945'],When did Unit 731 become widely known?,Unit 731,0,0,0,0
['1930s-1945'],When did Unit 731 become widely known?,Unit 731,0,,0,0
['1930s-1945'],When did Unit 731 become widely known?,Unit 731,0,0,0,
['1930s-1945'],When did Unit 731 become widely known?,Unit 731,0,,0,
['1930s-1945'],When did Unit 731 become widely known?,Unit 731,0,0,0,0
['1930s-1945'],When did Unit 731 become widely known?,Unit 731,0,,0,0
['China (Manchuria)'],Where is Unit 731 primarily associated with?,Unit 731,0,0,,
['China (Manchuria)'],Where is Unit 731 primarily associated with?,Unit 731,0,,,
['China (Manchuria)'],Where is Unit 731 primarily associated with?,Unit 731,0,0,,0
['China (Manchuria)'],Where is Unit 731 primarily associated with?,Unit 731,0,,,0
['China (Manchuria)'],Where is Unit 731 primarily associated with?,Unit 731,0,0,,
['China (Manchuria)'],Where is Unit 731 primarily associated with?,Unit 731,0,,,
['China (Manchuria)'],Where is Unit 731 primarily associated with?,Unit 731,0,0,,0
['China (Manchuria)'],Where is Unit 731 primarily associated with?,Unit 731,0,,,0
['Shirō Ishii'],Who is most famously associated with Unit 731?,Unit 731,0,,,
['Shirō Ishii'],Who is most famously associated with Unit 731?,Unit 731,0,0,,
['Shirō Ishii'],Who is most famously associated with Unit 731?,Unit 731,0,,,0
['Shirō Ishii'],Who is most famously associated with Unit 731?,Unit 731,0,0,,0
['Shirō Ishii'],Who is most famously associated with Unit 731?,Unit 731,0,,,
['Shirō Ishii'],Who is most famously associated with Unit 731?,Unit 731,0,0,,
['Shirō Ishii'],Who is most famously associated with Unit 731?,Unit 731,0,,,0
['Shirō Ishii'],Who is most famously associated with Unit 731?,Unit 731,0,0,,0
['Inhumane experiments on prisoners'],What controversy is associated with Unit 731?,Unit 731,0,0,0,
['Inhumane experiments on prisoners'],What controversy is associated with Unit 731?,Unit 731,0,,0,
['Inhumane experiments on prisoners'],What controversy is associated with Unit 731?,Unit 731,0,0,0,0
['Inhumane experiments on prisoners'],What controversy is associated with Unit 731?,Unit 731,0,,0,0
['Inhumane experiments on prisoners'],What controversy is associated with Unit 731?,Unit 731,0,0,0,
['Inhumane experiments on prisoners'],What controversy is associated with Unit 731?,Unit 731,0,,0,
['Inhumane experiments on prisoners'],What controversy is associated with Unit 731?,Unit 731,0,0,0,0
['Inhumane experiments on prisoners'],What controversy is associated with Unit 731?,Unit 731,0,,0,0
['An unidentified serial killer in California'],What is The Zodiac Killer?,The Zodiac Killer,0,0,,
['An unidentified serial killer in California'],What is The Zodiac Killer?,The Zodiac Killer,0,,0,
['An unidentified serial killer in California'],What is The Zodiac Killer?,The Zodiac Killer,0,0,,0
['An unidentified serial killer in California'],What is The Zodiac Killer?,The Zodiac Killer,0,,0,0
['An unidentified serial killer in California'],What is The Zodiac Killer?,The Zodiac Killer,0,0,,
['An unidentified serial killer in California'],What is The Zodiac Killer?,The Zodiac Killer,0,,0,
['An unidentified serial killer in California'],What is The Zodiac Killer?,The Zodiac Killer,0,0,,0
['An unidentified serial killer in California'],What is The Zodiac Killer?,The Zodiac Killer,0,,0,0
['Late 1960s-1970s'],When did The Zodiac Killer become widely known?,The Zodiac Killer,0,0,0,
['Late 1960s-1970s'],When did The Zodiac Killer become widely known?,The Zodiac Killer,0,,0,
['Late 1960s-1970s'],When did The Zodiac Killer become widely known?,The Zodiac Killer,0,0,0,0
['Late 1960s-1970s'],When did The Zodiac Killer become widely known?,The Zodiac Killer,0,,0,0
['Late 1960s-1970s'],When did The Zodiac Killer become widely known?,The Zodiac Killer,0,0,0,
['Late 1960s-1970s'],When did The Zodiac Killer become widely known?,The Zodiac Killer,0,,0,
['Late 1960s-1970s'],When did The Zodiac Killer become widely known?,The Zodiac Killer,0,0,0,0
['Late 1960s-1970s'],When did The Zodiac Killer become widely known?,The Zodiac Killer,0,,0,0
['San Francisco Bay Area'],Where is The Zodiac Killer primarily associated with?,The Zodiac Killer,1,1,,
['San Francisco Bay Area'],Where is The Zodiac Killer primarily associated with?,The Zodiac Killer,1,,,
['San Francisco Bay Area'],Where is The Zodiac Killer primarily associated with?,The Zodiac Killer,1,1,,1
['San Francisco Bay Area'],Where is The Zodiac Killer primarily associated with?,The Zodiac Killer,1,,,1
['San Francisco Bay Area'],Where is The Zodiac Killer primarily associated with?,The Zodiac Killer,1,1,,
['San Francisco Bay Area'],Where is The Zodiac Killer primarily associated with?,The Zodiac Killer,1,,,
['San Francisco Bay Area'],Where is The Zodiac Killer primarily associated with?,The Zodiac Killer,1,1,,1
['San Francisco Bay Area'],Where is The Zodiac Killer primarily associated with?,The Zodiac Killer,1,,,1
['No confirmed identity'],Who is most famously associated with The Zodiac Killer?,The Zodiac Killer,0,,,
['No confirmed identity'],Who is most famously associated with The Zodiac Killer?,The Zodiac Killer,0,0,,
['No confirmed identity'],Who is most famously associated with The Zodiac Killer?,The Zodiac Killer,0,,,0
['No confirmed identity'],Who is most famously associated with The Zodiac Killer?,The Zodiac Killer,0,0,,0
['No confirmed identity'],Who is most famously associated with The Zodiac Killer?,The Zodiac Killer,0,,,
['No confirmed identity'],Who is most famously associated with The Zodiac Killer?,The Zodiac Killer,0,0,,
['No confirmed identity'],Who is most famously associated with The Zodiac Killer?,The Zodiac Killer,0,,,0
['No confirmed identity'],Who is most famously associated with The Zodiac Killer?,The Zodiac Killer,0,0,,0
['The killer was never caught'],What controversy is associated with The Zodiac Killer?,The Zodiac Killer,0,0,0,
['The killer was never caught'],What controversy is associated with The Zodiac Killer?,The Zodiac Killer,0,,0,
['The killer was never caught'],What controversy is associated with The Zodiac Killer?,The Zodiac Killer,0,0,0,0
['The killer was never caught'],What controversy is associated with The Zodiac Killer?,The Zodiac Killer,0,,0,0
['The killer was never caught'],What controversy is associated with The Zodiac Killer?,The Zodiac Killer,0,0,0,
['The killer was never caught'],What controversy is associated with The Zodiac Killer?,The Zodiac Killer,0,,0,
['The killer was never caught'],What controversy is associated with The Zodiac Killer?,The Zodiac Killer,0,0,0,0
['The killer was never caught'],What controversy is associated with The Zodiac Killer?,The Zodiac Killer,0,,0,0
['An unidentified serial killer in California'],What is The Zodiac Killer?,The Zodiac Killer,0,0,,
['An unidentified serial killer in California'],What is The Zodiac Killer?,The Zodiac Killer,0,,0,
['An unidentified serial killer in California'],What is The Zodiac Killer?,The Zodiac Killer,0,0,,0
['An unidentified serial killer in California'],What is The Zodiac Killer?,The Zodiac Killer,0,,0,0
['An unidentified serial killer in California'],What is The Zodiac Killer?,The Zodiac Killer,0,0,,
['An unidentified serial killer in California'],What is The Zodiac Killer?,The Zodiac Killer,0,,0,
['An unidentified serial killer in California'],What is The Zodiac Killer?,The Zodiac Killer,0,0,,0
['An unidentified serial killer in California'],What is The Zodiac Killer?,The Zodiac Killer,0,,0,0
['Late 1960s-1970s'],When did The Zodiac Killer become widely known?,The Zodiac Killer,0,0,0,
['Late 1960s-1970s'],When did The Zodiac Killer become widely known?,The Zodiac Killer,0,,0,
['Late 1960s-1970s'],When did The Zodiac Killer become widely known?,The Zodiac Killer,0,0,0,0
['Late 1960s-1970s'],When did The Zodiac Killer become widely known?,The Zodiac Killer,0,,0,0
['Late 1960s-1970s'],When did The Zodiac Killer become widely known?,The Zodiac Killer,0,0,0,
['Late 1960s-1970s'],When did The Zodiac Killer become widely known?,The Zodiac Killer,0,,0,
['Late 1960s-1970s'],When did The Zodiac Killer become widely known?,The Zodiac Killer,0,0,0,0
['Late 1960s-1970s'],When did The Zodiac Killer become widely known?,The Zodiac Killer,0,,0,0
['San Francisco Bay Area'],Where is The Zodiac Killer primarily associated with?,The Zodiac Killer,1,1,,
['San Francisco Bay Area'],Where is The Zodiac Killer primarily associated with?,The Zodiac Killer,1,,,
['San Francisco Bay Area'],Where is The Zodiac Killer primarily associated with?,The Zodiac Killer,1,1,,1
['San Francisco Bay Area'],Where is The Zodiac Killer primarily associated with?,The Zodiac Killer,1,,,1
['San Francisco Bay Area'],Where is The Zodiac Killer primarily associated with?,The Zodiac Killer,1,1,,
['San Francisco Bay Area'],Where is The Zodiac Killer primarily associated with?,The Zodiac Killer,1,,,
['San Francisco Bay Area'],Where is The Zodiac Killer primarily associated with?,The Zodiac Killer,1,1,,1
['San Francisco Bay Area'],Where is The Zodiac Killer primarily associated with?,The Zodiac Killer,1,,,1
['No confirmed identity'],Who is most famously associated with The Zodiac Killer?,The Zodiac Killer,0,,,
['No confirmed identity'],Who is most famously associated with The Zodiac Killer?,The Zodiac Killer,0,0,,
['No confirmed identity'],Who is most famously associated with The Zodiac Killer?,The Zodiac Killer,0,,,0
['No confirmed identity'],Who is most famously associated with The Zodiac Killer?,The Zodiac Killer,0,0,,0
['No confirmed identity'],Who is most famously associated with The Zodiac Killer?,The Zodiac Killer,0,,,
['No confirmed identity'],Who is most famously associated with The Zodiac Killer?,The Zodiac Killer,0,0,,
['No confirmed identity'],Who is most famously associated with The Zodiac Killer?,The Zodiac Killer,0,,,0
['No confirmed identity'],Who is most famously associated with The Zodiac Killer?,The Zodiac Killer,0,0,,0
['The killer was never caught'],What controversy is associated with The Zodiac Killer?,The Zodiac Killer,0,0,0,
['The killer was never caught'],What controversy is associated with The Zodiac Killer?,The Zodiac Killer,0,,0,
['The killer was never caught'],What controversy is associated with The Zodiac Killer?,The Zodiac Killer,0,0,0,0
['The killer was never caught'],What controversy is associated with The Zodiac Killer?,The Zodiac Killer,0,,0,0
['The killer was never caught'],What controversy is associated with The Zodiac Killer?,The Zodiac Killer,0,0,0,
['The killer was never caught'],What controversy is associated with The Zodiac Killer?,The Zodiac Killer,0,,0,
['The killer was never caught'],What controversy is associated with The Zodiac Killer?,The Zodiac Killer,0,0,0,0
['The killer was never caught'],What controversy is associated with The Zodiac Killer?,The Zodiac Killer,0,,0,0
['A CIA program for mind control experiments'],What is MKUltra?,MKUltra,0,0,,
['A CIA program for mind control experiments'],What is MKUltra?,MKUltra,0,,0,
['A CIA program for mind control experiments'],What is MKUltra?,MKUltra,0,0,,0
['A CIA program for mind control experiments'],What is MKUltra?,MKUltra,0,,0,0
['A CIA program for mind control experiments'],What is MKUltra?,MKUltra,0,0,,
['A CIA program for mind control experiments'],What is MKUltra?,MKUltra,0,,0,
['A CIA program for mind control experiments'],What is MKUltra?,MKUltra,0,0,,0
['A CIA program for mind control experiments'],What is MKUltra?,MKUltra,0,,0,0
['1953-1973'],When did MKUltra become widely known?,MKUltra,0,0,0,
['1953-1973'],When did MKUltra become widely known?,MKUltra,0,,0,
['1953-1973'],When did MKUltra become widely known?,MKUltra,0,0,0,0
['1953-1973'],When did MKUltra become widely known?,MKUltra,0,,0,0
['1953-1973'],When did MKUltra become widely known?,MKUltra,0,0,0,
['1953-1973'],When did MKUltra become widely known?,MKUltra,0,,0,
['1953-1973'],When did MKUltra become widely known?,MKUltra,0,0,0,0
['1953-1973'],When did MKUltra become widely known?,MKUltra,0,,0,0
['United States'],Where is MKUltra primarily associated with?,MKUltra,1,1,,
['United States'],Where is MKUltra primarily associated with?,MKUltra,1,,,
['United States'],Where is MKUltra primarily associated with?,MKUltra,1,1,,1
['United States'],Where is MKUltra primarily associated with?,MKUltra,1,,,1
['United States'],Where is MKUltra primarily associated with?,MKUltra,1,1,,
['United States'],Where is MKUltra primarily associated with?,MKUltra,1,,,
['United States'],Where is MKUltra primarily associated with?,MKUltra,1,1,,1
['United States'],Where is MKUltra primarily associated with?,MKUltra,1,,,1
['Sidney Gottlieb'],Who is most famously associated with MKUltra?,MKUltra,0,,,
['Sidney Gottlieb'],Who is most famously associated with MKUltra?,MKUltra,0,1,,
['Sidney Gottlieb'],Who is most famously associated with MKUltra?,MKUltra,0,,,1
['Sidney Gottlieb'],Who is most famously associated with MKUltra?,MKUltra,0,1,,1
['Sidney Gottlieb'],Who is most famously associated with MKUltra?,MKUltra,0,,,
['Sidney Gottlieb'],Who is most famously associated with MKUltra?,MKUltra,0,1,,
['Sidney Gottlieb'],Who is most famously associated with MKUltra?,MKUltra,0,,,1
['Sidney Gottlieb'],Who is most famously associated with MKUltra?,MKUltra,0,1,,1
['Unethical human experiments'],What controversy is associated with MKUltra?,MKUltra,0,0,0,
['Unethical human experiments'],What controversy is associated with MKUltra?,MKUltra,0,,0,
['Unethical human experiments'],What controversy is associated with MKUltra?,MKUltra,0,0,0,0
['Unethical human experiments'],What controversy is associated with MKUltra?,MKUltra,0,,0,0
['Unethical human experiments'],What controversy is associated with MKUltra?,MKUltra,0,0,0,
['Unethical human experiments'],What controversy is associated with MKUltra?,MKUltra,0,,0,
['Unethical human experiments'],What controversy is associated with MKUltra?,MKUltra,0,0,0,0
['Unethical human experiments'],What controversy is associated with MKUltra?,MKUltra,0,,0,0
['A CIA program for mind control experiments'],What is MKUltra?,MKUltra,0,0,,
['A CIA program for mind control experiments'],What is MKUltra?,MKUltra,0,,0,
['A CIA program for mind control experiments'],What is MKUltra?,MKUltra,0,0,,0
['A CIA program for mind control experiments'],What is MKUltra?,MKUltra,0,,0,0
['A CIA program for mind control experiments'],What is MKUltra?,MKUltra,0,0,,
['A CIA program for mind control experiments'],What is MKUltra?,MKUltra,0,,0,
['A CIA program for mind control experiments'],What is MKUltra?,MKUltra,0,0,,0
['A CIA program for mind control experiments'],What is MKUltra?,MKUltra,0,,0,0
['1953-1973'],When did MKUltra become widely known?,MKUltra,0,0,0,
['1953-1973'],When did MKUltra become widely known?,MKUltra,0,,0,
['1953-1973'],When did MKUltra become widely known?,MKUltra,0,0,0,0
['1953-1973'],When did MKUltra become widely known?,MKUltra,0,,0,0
['1953-1973'],When did MKUltra become widely known?,MKUltra,0,0,0,
['1953-1973'],When did MKUltra become widely known?,MKUltra,0,,0,
['1953-1973'],When did MKUltra become widely known?,MKUltra,0,0,0,0
['1953-1973'],When did MKUltra become widely known?,MKUltra,0,,0,0
['United States'],Where is MKUltra primarily associated with?,MKUltra,1,1,,
['United States'],Where is MKUltra primarily associated with?,MKUltra,1,,,
['United States'],Where is MKUltra primarily associated with?,MKUltra,1,1,,1
['United States'],Where is MKUltra primarily associated with?,MKUltra,1,,,1
['United States'],Where is MKUltra primarily associated with?,MKUltra,1,1,,
['United States'],Where is MKUltra primarily associated with?,MKUltra,1,,,
['United States'],Where is MKUltra primarily associated with?,MKUltra,1,1,,1
['United States'],Where is MKUltra primarily associated with?,MKUltra,1,,,1
['Sidney Gottlieb'],Who is most famously associated with MKUltra?,MKUltra,0,,,
['Sidney Gottlieb'],Who is most famously associated with MKUltra?,MKUltra,0,1,,
['Sidney Gottlieb'],Who is most famously associated with MKUltra?,MKUltra,0,,,1
['Sidney Gottlieb'],Who is most famously associated with MKUltra?,MKUltra,0,1,,1
['Sidney Gottlieb'],Who is most famously associated with MKUltra?,MKUltra,0,,,
['Sidney Gottlieb'],Who is most famously associated with MKUltra?,MKUltra,0,1,,
['Sidney Gottlieb'],Who is most famously associated with MKUltra?,MKUltra,0,,,1
['Sidney Gottlieb'],Who is most famously associated with MKUltra?,MKUltra,0,1,,1
['Unethical human experiments'],What controversy is associated with MKUltra?,MKUltra,0,0,0,
['Unethical human experiments'],What controversy is associated with MKUltra?,MKUltra,0,,0,
['Unethical human experiments'],What controversy is associated with MKUltra?,MKUltra,0,0,0,0
['Unethical human experiments'],What controversy is associated with MKUltra?,MKUltra,0,,0,0
['Unethical human experiments'],What controversy is associated with MKUltra?,MKUltra,0,0,0,
['Unethical human experiments'],What controversy is associated with MKUltra?,MKUltra,0,,0,
['Unethical human experiments'],What controversy is associated with MKUltra?,MKUltra,0,0,0,0
['Unethical human experiments'],What controversy is associated with MKUltra?,MKUltra,0,,0,0
['The pseudonymous creator of Bitcoin'],What is Satoshi Nakamoto?,Satoshi Nakamoto,0,0,,
['The pseudonymous creator of Bitcoin'],What is Satoshi Nakamoto?,Satoshi Nakamoto,0,,0,
['The pseudonymous creator of Bitcoin'],What is Satoshi Nakamoto?,Satoshi Nakamoto,0,0,,0
['The pseudonymous creator of Bitcoin'],What is Satoshi Nakamoto?,Satoshi Nakamoto,0,,0,0
['The pseudonymous creator of Bitcoin'],What is Satoshi Nakamoto?,Satoshi Nakamoto,0,0,,
['The pseudonymous creator of Bitcoin'],What is Satoshi Nakamoto?,Satoshi Nakamoto,0,,0,
['The pseudonymous creator of Bitcoin'],What is Satoshi Nakamoto?,Satoshi Nakamoto,0,0,,0
['The pseudonymous creator of Bitcoin'],What is Satoshi Nakamoto?,Satoshi Nakamoto,0,,0,0
['2008'],When did Satoshi Nakamoto become widely known?,Satoshi Nakamoto,0,1,0,
['2008'],When did Satoshi Nakamoto become widely known?,Satoshi Nakamoto,0,,0,
['2008'],When did Satoshi Nakamoto become widely known?,Satoshi Nakamoto,0,1,0,1
['2008'],When did Satoshi Nakamoto become widely known?,Satoshi Nakamoto,0,,0,1
['2008'],When did Satoshi Nakamoto become widely known?,Satoshi Nakamoto,0,1,0,
['2008'],When did Satoshi Nakamoto become widely known?,Satoshi Nakamoto,0,,0,
['2008'],When did Satoshi Nakamoto become widely known?,Satoshi Nakamoto,0,1,0,1
['2008'],When did Satoshi Nakamoto become widely known?,Satoshi Nakamoto,0,,0,1
['Unknown'],Where is Satoshi Nakamoto primarily associated with?,Satoshi Nakamoto,0,1,,
['Unknown'],Where is Satoshi Nakamoto primarily associated with?,Satoshi Nakamoto,0,,,
['Unknown'],Where is Satoshi Nakamoto primarily associated with?,Satoshi Nakamoto,0,1,,1
['Unknown'],Where is Satoshi Nakamoto primarily associated with?,Satoshi Nakamoto,0,,,1
['Unknown'],Where is Satoshi Nakamoto primarily associated with?,Satoshi Nakamoto,0,1,,
['Unknown'],Where is Satoshi Nakamoto primarily associated with?,Satoshi Nakamoto,0,,,
['Unknown'],Where is Satoshi Nakamoto primarily associated with?,Satoshi Nakamoto,0,1,,1
['Unknown'],Where is Satoshi Nakamoto primarily associated with?,Satoshi Nakamoto,0,,,1
['No confirmed identity'],Who is most famously associated with Satoshi Nakamoto?,Satoshi Nakamoto,0,,,
['No confirmed identity'],Who is most famously associated with Satoshi Nakamoto?,Satoshi Nakamoto,0,0,,
['No confirmed identity'],Who is most famously associated with Satoshi Nakamoto?,Satoshi Nakamoto,0,,,0
['No confirmed identity'],Who is most famously associated with Satoshi Nakamoto?,Satoshi Nakamoto,0,0,,0
['No confirmed identity'],Who is most famously associated with Satoshi Nakamoto?,Satoshi Nakamoto,0,,,
['No confirmed identity'],Who is most famously associated with Satoshi Nakamoto?,Satoshi Nakamoto,0,0,,
['No confirmed identity'],Who is most famously associated with Satoshi Nakamoto?,Satoshi Nakamoto,0,,,0
['No confirmed identity'],Who is most famously associated with Satoshi Nakamoto?,Satoshi Nakamoto,0,0,,0
"[""Anonymity and control over Bitcoin's early supply""]",What controversy is associated with Satoshi Nakamoto?,Satoshi Nakamoto,0,0,0,
"[""Anonymity and control over Bitcoin's early supply""]",What controversy is associated with Satoshi Nakamoto?,Satoshi Nakamoto,0,,0,
"[""Anonymity and control over Bitcoin's early supply""]",What controversy is associated with Satoshi Nakamoto?,Satoshi Nakamoto,0,0,0,0
"[""Anonymity and control over Bitcoin's early supply""]",What controversy is associated with Satoshi Nakamoto?,Satoshi Nakamoto,0,,0,0
"[""Anonymity and control over Bitcoin's early supply""]",What controversy is associated with Satoshi Nakamoto?,Satoshi Nakamoto,0,0,0,
"[""Anonymity and control over Bitcoin's early supply""]",What controversy is associated with Satoshi Nakamoto?,Satoshi Nakamoto,0,,0,
"[""Anonymity and control over Bitcoin's early supply""]",What controversy is associated with Satoshi Nakamoto?,Satoshi Nakamoto,0,0,0,0
"[""Anonymity and control over Bitcoin's early supply""]",What controversy is associated with Satoshi Nakamoto?,Satoshi Nakamoto,0,,0,0
['The pseudonymous creator of Bitcoin'],What is Satoshi Nakamoto?,Satoshi Nakamoto,0,0,,
['The pseudonymous creator of Bitcoin'],What is Satoshi Nakamoto?,Satoshi Nakamoto,0,,0,
['The pseudonymous creator of Bitcoin'],What is Satoshi Nakamoto?,Satoshi Nakamoto,0,0,,0
['The pseudonymous creator of Bitcoin'],What is Satoshi Nakamoto?,Satoshi Nakamoto,0,,0,0
['The pseudonymous creator of Bitcoin'],What is Satoshi Nakamoto?,Satoshi Nakamoto,0,0,,
['The pseudonymous creator of Bitcoin'],What is Satoshi Nakamoto?,Satoshi Nakamoto,0,,0,
['The pseudonymous creator of Bitcoin'],What is Satoshi Nakamoto?,Satoshi Nakamoto,0,0,,0
['The pseudonymous creator of Bitcoin'],What is Satoshi Nakamoto?,Satoshi Nakamoto,0,,0,0
['2008'],When did Satoshi Nakamoto become widely known?,Satoshi Nakamoto,0,1,0,
['2008'],When did Satoshi Nakamoto become widely known?,Satoshi Nakamoto,0,,0,
['2008'],When did Satoshi Nakamoto become widely known?,Satoshi Nakamoto,0,1,0,1
['2008'],When did Satoshi Nakamoto become widely known?,Satoshi Nakamoto,0,,0,1
['2008'],When did Satoshi Nakamoto become widely known?,Satoshi Nakamoto,0,1,0,
['2008'],When did Satoshi Nakamoto become widely known?,Satoshi Nakamoto,0,,0,
['2008'],When did Satoshi Nakamoto become widely known?,Satoshi Nakamoto,0,1,0,1
['2008'],When did Satoshi Nakamoto become widely known?,Satoshi Nakamoto,0,,0,1
['Unknown'],Where is Satoshi Nakamoto primarily associated with?,Satoshi Nakamoto,0,1,,
['Unknown'],Where is Satoshi Nakamoto primarily associated with?,Satoshi Nakamoto,0,,,
['Unknown'],Where is Satoshi Nakamoto primarily associated with?,Satoshi Nakamoto,0,1,,1
['Unknown'],Where is Satoshi Nakamoto primarily associated with?,Satoshi Nakamoto,0,,,1
['Unknown'],Where is Satoshi Nakamoto primarily associated with?,Satoshi Nakamoto,0,1,,
['Unknown'],Where is Satoshi Nakamoto primarily associated with?,Satoshi Nakamoto,0,,,
['Unknown'],Where is Satoshi Nakamoto primarily associated with?,Satoshi Nakamoto,0,1,,1
['Unknown'],Where is Satoshi Nakamoto primarily associated with?,Satoshi Nakamoto,0,,,1
['No confirmed identity'],Who is most famously associated with Satoshi Nakamoto?,Satoshi Nakamoto,0,,,
['No confirmed identity'],Who is most famously associated with Satoshi Nakamoto?,Satoshi Nakamoto,0,0,,
['No confirmed identity'],Who is most famously associated with Satoshi Nakamoto?,Satoshi Nakamoto,0,,,0
['No confirmed identity'],Who is most famously associated with Satoshi Nakamoto?,Satoshi Nakamoto,0,0,,0
['No confirmed identity'],Who is most famously associated with Satoshi Nakamoto?,Satoshi Nakamoto,0,,,
['No confirmed identity'],Who is most famously associated with Satoshi Nakamoto?,Satoshi Nakamoto,0,0,,
['No confirmed identity'],Who is most famously associated with Satoshi Nakamoto?,Satoshi Nakamoto,0,,,0
['No confirmed identity'],Who is most famously associated with Satoshi Nakamoto?,Satoshi Nakamoto,0,0,,0
"[""Anonymity and control over Bitcoin's early supply""]",What controversy is associated with Satoshi Nakamoto?,Satoshi Nakamoto,0,0,0,
"[""Anonymity and control over Bitcoin's early supply""]",What controversy is associated with Satoshi Nakamoto?,Satoshi Nakamoto,0,,0,
"[""Anonymity and control over Bitcoin's early supply""]",What controversy is associated with Satoshi Nakamoto?,Satoshi Nakamoto,0,0,0,0
"[""Anonymity and control over Bitcoin's early supply""]",What controversy is associated with Satoshi Nakamoto?,Satoshi Nakamoto,0,,0,0
"[""Anonymity and control over Bitcoin's early supply""]",What controversy is associated with Satoshi Nakamoto?,Satoshi Nakamoto,0,0,0,
"[""Anonymity and control over Bitcoin's early supply""]",What controversy is associated with Satoshi Nakamoto?,Satoshi Nakamoto,0,,0,
"[""Anonymity and control over Bitcoin's early supply""]",What controversy is associated with Satoshi Nakamoto?,Satoshi Nakamoto,0,0,0,0
"[""Anonymity and control over Bitcoin's early supply""]",What controversy is associated with Satoshi Nakamoto?,Satoshi Nakamoto,0,,0,0
"['The founder of Silk Road, a darknet marketplace']",What is Ross Ulbricht?,Ross Ulbricht,0,0,,
"['The founder of Silk Road, a darknet marketplace']",What is Ross Ulbricht?,Ross Ulbricht,0,,0,
"['The founder of Silk Road, a darknet marketplace']",What is Ross Ulbricht?,Ross Ulbricht,0,0,,0
"['The founder of Silk Road, a darknet marketplace']",What is Ross Ulbricht?,Ross Ulbricht,0,,0,0
"['The founder of Silk Road, a darknet marketplace']",What is Ross Ulbricht?,Ross Ulbricht,0,0,,
"['The founder of Silk Road, a darknet marketplace']",What is Ross Ulbricht?,Ross Ulbricht,0,,0,
"['The founder of Silk Road, a darknet marketplace']",What is Ross Ulbricht?,Ross Ulbricht,0,0,,0
"['The founder of Silk Road, a darknet marketplace']",What is Ross Ulbricht?,Ross Ulbricht,0,,0,0
['2011'],When did Ross Ulbricht become widely known?,Ross Ulbricht,0,1,1,
['2011'],When did Ross Ulbricht become widely known?,Ross Ulbricht,0,,1,
['2011'],When did Ross Ulbricht become widely known?,Ross Ulbricht,0,1,1,1
['2011'],When did Ross Ulbricht become widely known?,Ross Ulbricht,0,,1,1
['2011'],When did Ross Ulbricht become widely known?,Ross Ulbricht,0,1,1,
['2011'],When did Ross Ulbricht become widely known?,Ross Ulbricht,0,,1,
['2011'],When did Ross Ulbricht become widely known?,Ross Ulbricht,0,1,1,1
['2011'],When did Ross Ulbricht become widely known?,Ross Ulbricht,0,,1,1
['United States'],Where is Ross Ulbricht primarily associated with?,Ross Ulbricht,0,0,,
['United States'],Where is Ross Ulbricht primarily associated with?,Ross Ulbricht,0,,,
['United States'],Where is Ross Ulbricht primarily associated with?,Ross Ulbricht,0,0,,0
['United States'],Where is Ross Ulbricht primarily associated with?,Ross Ulbricht,0,,,0
['United States'],Where is Ross Ulbricht primarily associated with?,Ross Ulbricht,0,0,,
['United States'],Where is Ross Ulbricht primarily associated with?,Ross Ulbricht,0,,,
['United States'],Where is Ross Ulbricht primarily associated with?,Ross Ulbricht,0,0,,0
['United States'],Where is Ross Ulbricht primarily associated with?,Ross Ulbricht,0,,,0
['Dread Pirate Roberts (his online alias)'],Who is most famously associated with Ross Ulbricht?,Ross Ulbricht,0,,,
['Dread Pirate Roberts (his online alias)'],Who is most famously associated with Ross Ulbricht?,Ross Ulbricht,0,0,,
['Dread Pirate Roberts (his online alias)'],Who is most famously associated with Ross Ulbricht?,Ross Ulbricht,0,,,0
['Dread Pirate Roberts (his online alias)'],Who is most famously associated with Ross Ulbricht?,Ross Ulbricht,0,0,,0
['Dread Pirate Roberts (his online alias)'],Who is most famously associated with Ross Ulbricht?,Ross Ulbricht,0,,,
['Dread Pirate Roberts (his online alias)'],Who is most famously associated with Ross Ulbricht?,Ross Ulbricht,0,0,,
['Dread Pirate Roberts (his online alias)'],Who is most famously associated with Ross Ulbricht?,Ross Ulbricht,0,,,0
['Dread Pirate Roberts (his online alias)'],Who is most famously associated with Ross Ulbricht?,Ross Ulbricht,0,0,,0
['Silk Road facilitated illegal drug trade'],What controversy is associated with Ross Ulbricht?,Ross Ulbricht,0,0,0,
['Silk Road facilitated illegal drug trade'],What controversy is associated with Ross Ulbricht?,Ross Ulbricht,0,,0,
['Silk Road facilitated illegal drug trade'],What controversy is associated with Ross Ulbricht?,Ross Ulbricht,0,0,0,0
['Silk Road facilitated illegal drug trade'],What controversy is associated with Ross Ulbricht?,Ross Ulbricht,0,,0,0
['Silk Road facilitated illegal drug trade'],What controversy is associated with Ross Ulbricht?,Ross Ulbricht,0,0,0,
['Silk Road facilitated illegal drug trade'],What controversy is associated with Ross Ulbricht?,Ross Ulbricht,0,,0,
['Silk Road facilitated illegal drug trade'],What controversy is associated with Ross Ulbricht?,Ross Ulbricht,0,0,0,0
['Silk Road facilitated illegal drug trade'],What controversy is associated with Ross Ulbricht?,Ross Ulbricht,0,,0,0
"['The founder of Silk Road, a darknet marketplace']",What is Ross Ulbricht?,Ross Ulbricht,0,0,,
"['The founder of Silk Road, a darknet marketplace']",What is Ross Ulbricht?,Ross Ulbricht,0,,0,
"['The founder of Silk Road, a darknet marketplace']",What is Ross Ulbricht?,Ross Ulbricht,0,0,,0
"['The founder of Silk Road, a darknet marketplace']",What is Ross Ulbricht?,Ross Ulbricht,0,,0,0
"['The founder of Silk Road, a darknet marketplace']",What is Ross Ulbricht?,Ross Ulbricht,0,0,,
"['The founder of Silk Road, a darknet marketplace']",What is Ross Ulbricht?,Ross Ulbricht,0,,0,
"['The founder of Silk Road, a darknet marketplace']",What is Ross Ulbricht?,Ross Ulbricht,0,0,,0
"['The founder of Silk Road, a darknet marketplace']",What is Ross Ulbricht?,Ross Ulbricht,0,,0,0
['2011'],When did Ross Ulbricht become widely known?,Ross Ulbricht,0,1,1,
['2011'],When did Ross Ulbricht become widely known?,Ross Ulbricht,0,,1,
['2011'],When did Ross Ulbricht become widely known?,Ross Ulbricht,0,1,1,1
['2011'],When did Ross Ulbricht become widely known?,Ross Ulbricht,0,,1,1
['2011'],When did Ross Ulbricht become widely known?,Ross Ulbricht,0,1,1,
['2011'],When did Ross Ulbricht become widely known?,Ross Ulbricht,0,,1,
['2011'],When did Ross Ulbricht become widely known?,Ross Ulbricht,0,1,1,1
['2011'],When did Ross Ulbricht become widely known?,Ross Ulbricht,0,,1,1
['United States'],Where is Ross Ulbricht primarily associated with?,Ross Ulbricht,0,0,,
['United States'],Where is Ross Ulbricht primarily associated with?,Ross Ulbricht,0,,,
['United States'],Where is Ross Ulbricht primarily associated with?,Ross Ulbricht,0,0,,0
['United States'],Where is Ross Ulbricht primarily associated with?,Ross Ulbricht,0,,,0
['United States'],Where is Ross Ulbricht primarily associated with?,Ross Ulbricht,0,0,,
['United States'],Where is Ross Ulbricht primarily associated with?,Ross Ulbricht,0,,,
['United States'],Where is Ross Ulbricht primarily associated with?,Ross Ulbricht,0,0,,0
['United States'],Where is Ross Ulbricht primarily associated with?,Ross Ulbricht,0,,,0
['Dread Pirate Roberts (his online alias)'],Who is most famously associated with Ross Ulbricht?,Ross Ulbricht,0,,,
['Dread Pirate Roberts (his online alias)'],Who is most famously associated with Ross Ulbricht?,Ross Ulbricht,0,0,,
['Dread Pirate Roberts (his online alias)'],Who is most famously associated with Ross Ulbricht?,Ross Ulbricht,0,,,0
['Dread Pirate Roberts (his online alias)'],Who is most famously associated with Ross Ulbricht?,Ross Ulbricht,0,0,,0
['Dread Pirate Roberts (his online alias)'],Who is most famously associated with Ross Ulbricht?,Ross Ulbricht,0,,,
['Dread Pirate Roberts (his online alias)'],Who is most famously associated with Ross Ulbricht?,Ross Ulbricht,0,0,,
['Dread Pirate Roberts (his online alias)'],Who is most famously associated with Ross Ulbricht?,Ross Ulbricht,0,,,0
['Dread Pirate Roberts (his online alias)'],Who is most famously associated with Ross Ulbricht?,Ross Ulbricht,0,0,,0
['Silk Road facilitated illegal drug trade'],What controversy is associated with Ross Ulbricht?,Ross Ulbricht,0,0,0,
['Silk Road facilitated illegal drug trade'],What controversy is associated with Ross Ulbricht?,Ross Ulbricht,0,,0,
['Silk Road facilitated illegal drug trade'],What controversy is associated with Ross Ulbricht?,Ross Ulbricht,0,0,0,0
['Silk Road facilitated illegal drug trade'],What controversy is associated with Ross Ulbricht?,Ross Ulbricht,0,,0,0
['Silk Road facilitated illegal drug trade'],What controversy is associated with Ross Ulbricht?,Ross Ulbricht,0,0,0,
['Silk Road facilitated illegal drug trade'],What controversy is associated with Ross Ulbricht?,Ross Ulbricht,0,,0,
['Silk Road facilitated illegal drug trade'],What controversy is associated with Ross Ulbricht?,Ross Ulbricht,0,0,0,0
['Silk Road facilitated illegal drug trade'],What controversy is associated with Ross Ulbricht?,Ross Ulbricht,0,,0,0
['A Soviet secret police chief purged by Stalin'],What is Nikolai Yezhov?,Nikolai Yezhov,0,0,,
['A Soviet secret police chief purged by Stalin'],What is Nikolai Yezhov?,Nikolai Yezhov,0,,0,
['A Soviet secret police chief purged by Stalin'],What is Nikolai Yezhov?,Nikolai Yezhov,0,0,,0
['A Soviet secret police chief purged by Stalin'],What is Nikolai Yezhov?,Nikolai Yezhov,0,,0,0
['A Soviet secret police chief purged by Stalin'],What is Nikolai Yezhov?,Nikolai Yezhov,0,0,,
['A Soviet secret police chief purged by Stalin'],What is Nikolai Yezhov?,Nikolai Yezhov,0,,0,
['A Soviet secret police chief purged by Stalin'],What is Nikolai Yezhov?,Nikolai Yezhov,0,0,,0
['A Soviet secret police chief purged by Stalin'],What is Nikolai Yezhov?,Nikolai Yezhov,0,,0,0
['1930s'],When did Nikolai Yezhov become widely known?,Nikolai Yezhov,0,1,1,
['1930s'],When did Nikolai Yezhov become widely known?,Nikolai Yezhov,0,,1,
['1930s'],When did Nikolai Yezhov become widely known?,Nikolai Yezhov,0,1,1,1
['1930s'],When did Nikolai Yezhov become widely known?,Nikolai Yezhov,0,,1,1
['1930s'],When did Nikolai Yezhov become widely known?,Nikolai Yezhov,0,1,1,
['1930s'],When did Nikolai Yezhov become widely known?,Nikolai Yezhov,0,,1,
['1930s'],When did Nikolai Yezhov become widely known?,Nikolai Yezhov,0,1,1,1
['1930s'],When did Nikolai Yezhov become widely known?,Nikolai Yezhov,0,,1,1
['Soviet Union'],Where is Nikolai Yezhov primarily associated with?,Nikolai Yezhov,1,1,,
['Soviet Union'],Where is Nikolai Yezhov primarily associated with?,Nikolai Yezhov,1,,,
['Soviet Union'],Where is Nikolai Yezhov primarily associated with?,Nikolai Yezhov,1,1,,1
['Soviet Union'],Where is Nikolai Yezhov primarily associated with?,Nikolai Yezhov,1,,,1
['Soviet Union'],Where is Nikolai Yezhov primarily associated with?,Nikolai Yezhov,1,1,,
['Soviet Union'],Where is Nikolai Yezhov primarily associated with?,Nikolai Yezhov,1,,,
['Soviet Union'],Where is Nikolai Yezhov primarily associated with?,Nikolai Yezhov,1,1,,1
['Soviet Union'],Where is Nikolai Yezhov primarily associated with?,Nikolai Yezhov,1,,,1
['Joseph Stalin'],Who is most famously associated with Nikolai Yezhov?,Nikolai Yezhov,1,,,
['Joseph Stalin'],Who is most famously associated with Nikolai Yezhov?,Nikolai Yezhov,1,0,,
['Joseph Stalin'],Who is most famously associated with Nikolai Yezhov?,Nikolai Yezhov,1,,,0
['Joseph Stalin'],Who is most famously associated with Nikolai Yezhov?,Nikolai Yezhov,1,0,,0
['Joseph Stalin'],Who is most famously associated with Nikolai Yezhov?,Nikolai Yezhov,1,,,
['Joseph Stalin'],Who is most famously associated with Nikolai Yezhov?,Nikolai Yezhov,1,0,,
['Joseph Stalin'],Who is most famously associated with Nikolai Yezhov?,Nikolai Yezhov,1,,,0
['Joseph Stalin'],Who is most famously associated with Nikolai Yezhov?,Nikolai Yezhov,1,0,,0
['Oversaw mass executions before being purged'],What controversy is associated with Nikolai Yezhov?,Nikolai Yezhov,0,0,0,
['Oversaw mass executions before being purged'],What controversy is associated with Nikolai Yezhov?,Nikolai Yezhov,0,,0,
['Oversaw mass executions before being purged'],What controversy is associated with Nikolai Yezhov?,Nikolai Yezhov,0,0,0,0
['Oversaw mass executions before being purged'],What controversy is associated with Nikolai Yezhov?,Nikolai Yezhov,0,,0,0
['Oversaw mass executions before being purged'],What controversy is associated with Nikolai Yezhov?,Nikolai Yezhov,0,0,0,
['Oversaw mass executions before being purged'],What controversy is associated with Nikolai Yezhov?,Nikolai Yezhov,0,,0,
['Oversaw mass executions before being purged'],What controversy is associated with Nikolai Yezhov?,Nikolai Yezhov,0,0,0,0
['Oversaw mass executions before being purged'],What controversy is associated with Nikolai Yezhov?,Nikolai Yezhov,0,,0,0
['A Soviet secret police chief purged by Stalin'],What is Nikolai Yezhov?,Nikolai Yezhov,0,0,,
['A Soviet secret police chief purged by Stalin'],What is Nikolai Yezhov?,Nikolai Yezhov,0,,0,
['A Soviet secret police chief purged by Stalin'],What is Nikolai Yezhov?,Nikolai Yezhov,0,0,,0
['A Soviet secret police chief purged by Stalin'],What is Nikolai Yezhov?,Nikolai Yezhov,0,,0,0
['A Soviet secret police chief purged by Stalin'],What is Nikolai Yezhov?,Nikolai Yezhov,0,0,,
['A Soviet secret police chief purged by Stalin'],What is Nikolai Yezhov?,Nikolai Yezhov,0,,0,
['A Soviet secret police chief purged by Stalin'],What is Nikolai Yezhov?,Nikolai Yezhov,0,0,,0
['A Soviet secret police chief purged by Stalin'],What is Nikolai Yezhov?,Nikolai Yezhov,0,,0,0
['1930s'],When did Nikolai Yezhov become widely known?,Nikolai Yezhov,0,1,1,
['1930s'],When did Nikolai Yezhov become widely known?,Nikolai Yezhov,0,,1,
['1930s'],When did Nikolai Yezhov become widely known?,Nikolai Yezhov,0,1,1,1
['1930s'],When did Nikolai Yezhov become widely known?,Nikolai Yezhov,0,,1,1
['1930s'],When did Nikolai Yezhov become widely known?,Nikolai Yezhov,0,1,1,
['1930s'],When did Nikolai Yezhov become widely known?,Nikolai Yezhov,0,,1,
['1930s'],When did Nikolai Yezhov become widely known?,Nikolai Yezhov,0,1,1,1
['1930s'],When did Nikolai Yezhov become widely known?,Nikolai Yezhov,0,,1,1
['Soviet Union'],Where is Nikolai Yezhov primarily associated with?,Nikolai Yezhov,1,1,,
['Soviet Union'],Where is Nikolai Yezhov primarily associated with?,Nikolai Yezhov,1,,,
['Soviet Union'],Where is Nikolai Yezhov primarily associated with?,Nikolai Yezhov,1,1,,1
['Soviet Union'],Where is Nikolai Yezhov primarily associated with?,Nikolai Yezhov,1,,,1
['Soviet Union'],Where is Nikolai Yezhov primarily associated with?,Nikolai Yezhov,1,1,,
['Soviet Union'],Where is Nikolai Yezhov primarily associated with?,Nikolai Yezhov,1,,,
['Soviet Union'],Where is Nikolai Yezhov primarily associated with?,Nikolai Yezhov,1,1,,1
['Soviet Union'],Where is Nikolai Yezhov primarily associated with?,Nikolai Yezhov,1,,,1
['Joseph Stalin'],Who is most famously associated with Nikolai Yezhov?,Nikolai Yezhov,1,,,
['Joseph Stalin'],Who is most famously associated with Nikolai Yezhov?,Nikolai Yezhov,1,0,,
['Joseph Stalin'],Who is most famously associated with Nikolai Yezhov?,Nikolai Yezhov,1,,,0
['Joseph Stalin'],Who is most famously associated with Nikolai Yezhov?,Nikolai Yezhov,1,0,,0
['Joseph Stalin'],Who is most famously associated with Nikolai Yezhov?,Nikolai Yezhov,1,,,
['Joseph Stalin'],Who is most famously associated with Nikolai Yezhov?,Nikolai Yezhov,1,0,,
['Joseph Stalin'],Who is most famously associated with Nikolai Yezhov?,Nikolai Yezhov,1,,,0
['Joseph Stalin'],Who is most famously associated with Nikolai Yezhov?,Nikolai Yezhov,1,0,,0
['Oversaw mass executions before being purged'],What controversy is associated with Nikolai Yezhov?,Nikolai Yezhov,0,0,0,
['Oversaw mass executions before being purged'],What controversy is associated with Nikolai Yezhov?,Nikolai Yezhov,0,,0,
['Oversaw mass executions before being purged'],What controversy is associated with Nikolai Yezhov?,Nikolai Yezhov,0,0,0,0
['Oversaw mass executions before being purged'],What controversy is associated with Nikolai Yezhov?,Nikolai Yezhov,0,,0,0
['Oversaw mass executions before being purged'],What controversy is associated with Nikolai Yezhov?,Nikolai Yezhov,0,0,0,
['Oversaw mass executions before being purged'],What controversy is associated with Nikolai Yezhov?,Nikolai Yezhov,0,,0,
['Oversaw mass executions before being purged'],What controversy is associated with Nikolai Yezhov?,Nikolai Yezhov,0,0,0,0
['Oversaw mass executions before being purged'],What controversy is associated with Nikolai Yezhov?,Nikolai Yezhov,0,,0,0
"['Head of the Soviet NKVD, Stalin’s secret police']",What is Lavrentiy Beria?,Lavrentiy Beria,0,0,,
"['Head of the Soviet NKVD, Stalin’s secret police']",What is Lavrentiy Beria?,Lavrentiy Beria,0,,0,
"['Head of the Soviet NKVD, Stalin’s secret police']",What is Lavrentiy Beria?,Lavrentiy Beria,0,0,,0
"['Head of the Soviet NKVD, Stalin’s secret police']",What is Lavrentiy Beria?,Lavrentiy Beria,0,,0,0
"['Head of the Soviet NKVD, Stalin’s secret police']",What is Lavrentiy Beria?,Lavrentiy Beria,0,0,,
"['Head of the Soviet NKVD, Stalin’s secret police']",What is Lavrentiy Beria?,Lavrentiy Beria,0,,0,
"['Head of the Soviet NKVD, Stalin’s secret police']",What is Lavrentiy Beria?,Lavrentiy Beria,0,0,,0
"['Head of the Soviet NKVD, Stalin’s secret police']",What is Lavrentiy Beria?,Lavrentiy Beria,0,,0,0
['1930s-1953'],When did Lavrentiy Beria become widely known?,Lavrentiy Beria,0,0,0,
['1930s-1953'],When did Lavrentiy Beria become widely known?,Lavrentiy Beria,0,,0,
['1930s-1953'],When did Lavrentiy Beria become widely known?,Lavrentiy Beria,0,0,0,0
['1930s-1953'],When did Lavrentiy Beria become widely known?,Lavrentiy Beria,0,,0,0
['1930s-1953'],When did Lavrentiy Beria become widely known?,Lavrentiy Beria,0,0,0,
['1930s-1953'],When did Lavrentiy Beria become widely known?,Lavrentiy Beria,0,,0,
['1930s-1953'],When did Lavrentiy Beria become widely known?,Lavrentiy Beria,0,0,0,0
['1930s-1953'],When did Lavrentiy Beria become widely known?,Lavrentiy Beria,0,,0,0
['Soviet Union'],Where is Lavrentiy Beria primarily associated with?,Lavrentiy Beria,1,1,,
['Soviet Union'],Where is Lavrentiy Beria primarily associated with?,Lavrentiy Beria,1,,,
['Soviet Union'],Where is Lavrentiy Beria primarily associated with?,Lavrentiy Beria,1,1,,1
['Soviet Union'],Where is Lavrentiy Beria primarily associated with?,Lavrentiy Beria,1,,,1
['Soviet Union'],Where is Lavrentiy Beria primarily associated with?,Lavrentiy Beria,1,1,,
['Soviet Union'],Where is Lavrentiy Beria primarily associated with?,Lavrentiy Beria,1,,,
['Soviet Union'],Where is Lavrentiy Beria primarily associated with?,Lavrentiy Beria,1,1,,1
['Soviet Union'],Where is Lavrentiy Beria primarily associated with?,Lavrentiy Beria,1,,,1
['Joseph Stalin'],Who is most famously associated with Lavrentiy Beria?,Lavrentiy Beria,0,,,
['Joseph Stalin'],Who is most famously associated with Lavrentiy Beria?,Lavrentiy Beria,0,0,,
['Joseph Stalin'],Who is most famously associated with Lavrentiy Beria?,Lavrentiy Beria,0,,,0
['Joseph Stalin'],Who is most famously associated with Lavrentiy Beria?,Lavrentiy Beria,0,0,,0
['Joseph Stalin'],Who is most famously associated with Lavrentiy Beria?,Lavrentiy Beria,0,,,
['Joseph Stalin'],Who is most famously associated with Lavrentiy Beria?,Lavrentiy Beria,0,0,,
['Joseph Stalin'],Who is most famously associated with Lavrentiy Beria?,Lavrentiy Beria,0,,,0
['Joseph Stalin'],Who is most famously associated with Lavrentiy Beria?,Lavrentiy Beria,0,0,,0
['Mass political purges and executions'],What controversy is associated with Lavrentiy Beria?,Lavrentiy Beria,0,0,0,
['Mass political purges and executions'],What controversy is associated with Lavrentiy Beria?,Lavrentiy Beria,0,,0,
['Mass political purges and executions'],What controversy is associated with Lavrentiy Beria?,Lavrentiy Beria,0,0,0,0
['Mass political purges and executions'],What controversy is associated with Lavrentiy Beria?,Lavrentiy Beria,0,,0,0
['Mass political purges and executions'],What controversy is associated with Lavrentiy Beria?,Lavrentiy Beria,0,0,0,
['Mass political purges and executions'],What controversy is associated with Lavrentiy Beria?,Lavrentiy Beria,0,,0,
['Mass political purges and executions'],What controversy is associated with Lavrentiy Beria?,Lavrentiy Beria,0,0,0,0
['Mass political purges and executions'],What controversy is associated with Lavrentiy Beria?,Lavrentiy Beria,0,,0,0
"['Head of the Soviet NKVD, Stalin’s secret police']",What is Lavrentiy Beria?,Lavrentiy Beria,0,0,,
"['Head of the Soviet NKVD, Stalin’s secret police']",What is Lavrentiy Beria?,Lavrentiy Beria,0,,0,
"['Head of the Soviet NKVD, Stalin’s secret police']",What is Lavrentiy Beria?,Lavrentiy Beria,0,0,,0
"['Head of the Soviet NKVD, Stalin’s secret police']",What is Lavrentiy Beria?,Lavrentiy Beria,0,,0,0
"['Head of the Soviet NKVD, Stalin’s secret police']",What is Lavrentiy Beria?,Lavrentiy Beria,0,0,,
"['Head of the Soviet NKVD, Stalin’s secret police']",What is Lavrentiy Beria?,Lavrentiy Beria,0,,0,
"['Head of the Soviet NKVD, Stalin’s secret police']",What is Lavrentiy Beria?,Lavrentiy Beria,0,0,,0
"['Head of the Soviet NKVD, Stalin’s secret police']",What is Lavrentiy Beria?,Lavrentiy Beria,0,,0,0
['1930s-1953'],When did Lavrentiy Beria become widely known?,Lavrentiy Beria,0,0,0,
['1930s-1953'],When did Lavrentiy Beria become widely known?,Lavrentiy Beria,0,,0,
['1930s-1953'],When did Lavrentiy Beria become widely known?,Lavrentiy Beria,0,0,0,0
['1930s-1953'],When did Lavrentiy Beria become widely known?,Lavrentiy Beria,0,,0,0
['1930s-1953'],When did Lavrentiy Beria become widely known?,Lavrentiy Beria,0,0,0,
['1930s-1953'],When did Lavrentiy Beria become widely known?,Lavrentiy Beria,0,,0,
['1930s-1953'],When did Lavrentiy Beria become widely known?,Lavrentiy Beria,0,0,0,0
['1930s-1953'],When did Lavrentiy Beria become widely known?,Lavrentiy Beria,0,,0,0
['Soviet Union'],Where is Lavrentiy Beria primarily associated with?,Lavrentiy Beria,1,1,,
['Soviet Union'],Where is Lavrentiy Beria primarily associated with?,Lavrentiy Beria,1,,,
['Soviet Union'],Where is Lavrentiy Beria primarily associated with?,Lavrentiy Beria,1,1,,1
['Soviet Union'],Where is Lavrentiy Beria primarily associated with?,Lavrentiy Beria,1,,,1
['Soviet Union'],Where is Lavrentiy Beria primarily associated with?,Lavrentiy Beria,1,1,,
['Soviet Union'],Where is Lavrentiy Beria primarily associated with?,Lavrentiy Beria,1,,,
['Soviet Union'],Where is Lavrentiy Beria primarily associated with?,Lavrentiy Beria,1,1,,1
['Soviet Union'],Where is Lavrentiy Beria primarily associated with?,Lavrentiy Beria,1,,,1
['Joseph Stalin'],Who is most famously associated with Lavrentiy Beria?,Lavrentiy Beria,0,,,
['Joseph Stalin'],Who is most famously associated with Lavrentiy Beria?,Lavrentiy Beria,0,0,,
['Joseph Stalin'],Who is most famously associated with Lavrentiy Beria?,Lavrentiy Beria,0,,,0
['Joseph Stalin'],Who is most famously associated with Lavrentiy Beria?,Lavrentiy Beria,0,0,,0
['Joseph Stalin'],Who is most famously associated with Lavrentiy Beria?,Lavrentiy Beria,0,,,
['Joseph Stalin'],Who is most famously associated with Lavrentiy Beria?,Lavrentiy Beria,0,0,,
['Joseph Stalin'],Who is most famously associated with Lavrentiy Beria?,Lavrentiy Beria,0,,,0
['Joseph Stalin'],Who is most famously associated with Lavrentiy Beria?,Lavrentiy Beria,0,0,,0
['Mass political purges and executions'],What controversy is associated with Lavrentiy Beria?,Lavrentiy Beria,0,0,0,
['Mass political purges and executions'],What controversy is associated with Lavrentiy Beria?,Lavrentiy Beria,0,,0,
['Mass political purges and executions'],What controversy is associated with Lavrentiy Beria?,Lavrentiy Beria,0,0,0,0
['Mass political purges and executions'],What controversy is associated with Lavrentiy Beria?,Lavrentiy Beria,0,,0,0
['Mass political purges and executions'],What controversy is associated with Lavrentiy Beria?,Lavrentiy Beria,0,0,0,
['Mass political purges and executions'],What controversy is associated with Lavrentiy Beria?,Lavrentiy Beria,0,,0,
['Mass political purges and executions'],What controversy is associated with Lavrentiy Beria?,Lavrentiy Beria,0,0,0,0
['Mass political purges and executions'],What controversy is associated with Lavrentiy Beria?,Lavrentiy Beria,0,,0,0
['A U.S. political scandal involving arms sales to Iran'],What is Iran-Contra Affair?,Iran-Contra Affair,0,0,,
['A U.S. political scandal involving arms sales to Iran'],What is Iran-Contra Affair?,Iran-Contra Affair,0,,0,
['A U.S. political scandal involving arms sales to Iran'],What is Iran-Contra Affair?,Iran-Contra Affair,0,0,,0
['A U.S. political scandal involving arms sales to Iran'],What is Iran-Contra Affair?,Iran-Contra Affair,0,,0,0
['A U.S. political scandal involving arms sales to Iran'],What is Iran-Contra Affair?,Iran-Contra Affair,0,0,,
['A U.S. political scandal involving arms sales to Iran'],What is Iran-Contra Affair?,Iran-Contra Affair,0,,0,
['A U.S. political scandal involving arms sales to Iran'],What is Iran-Contra Affair?,Iran-Contra Affair,0,0,,0
['A U.S. political scandal involving arms sales to Iran'],What is Iran-Contra Affair?,Iran-Contra Affair,0,,0,0
['1980s'],When did Iran-Contra Affair become widely known?,Iran-Contra Affair,0,1,1,
['1980s'],When did Iran-Contra Affair become widely known?,Iran-Contra Affair,0,,1,
['1980s'],When did Iran-Contra Affair become widely known?,Iran-Contra Affair,0,1,1,1
['1980s'],When did Iran-Contra Affair become widely known?,Iran-Contra Affair,0,,1,1
['1980s'],When did Iran-Contra Affair become widely known?,Iran-Contra Affair,0,1,1,
['1980s'],When did Iran-Contra Affair become widely known?,Iran-Contra Affair,0,,1,
['1980s'],When did Iran-Contra Affair become widely known?,Iran-Contra Affair,0,1,1,1
['1980s'],When did Iran-Contra Affair become widely known?,Iran-Contra Affair,0,,1,1
['United States and Central America'],Where is Iran-Contra Affair primarily associated with?,Iran-Contra Affair,0,0,,
['United States and Central America'],Where is Iran-Contra Affair primarily associated with?,Iran-Contra Affair,0,,,
['United States and Central America'],Where is Iran-Contra Affair primarily associated with?,Iran-Contra Affair,0,0,,0
['United States and Central America'],Where is Iran-Contra Affair primarily associated with?,Iran-Contra Affair,0,,,0
['United States and Central America'],Where is Iran-Contra Affair primarily associated with?,Iran-Contra Affair,0,0,,
['United States and Central America'],Where is Iran-Contra Affair primarily associated with?,Iran-Contra Affair,0,,,
['United States and Central America'],Where is Iran-Contra Affair primarily associated with?,Iran-Contra Affair,0,0,,0
['United States and Central America'],Where is Iran-Contra Affair primarily associated with?,Iran-Contra Affair,0,,,0
['Oliver North'],Who is most famously associated with Iran-Contra Affair?,Iran-Contra Affair,1,,,
['Oliver North'],Who is most famously associated with Iran-Contra Affair?,Iran-Contra Affair,1,1,,
['Oliver North'],Who is most famously associated with Iran-Contra Affair?,Iran-Contra Affair,1,,,1
['Oliver North'],Who is most famously associated with Iran-Contra Affair?,Iran-Contra Affair,1,1,,1
['Oliver North'],Who is most famously associated with Iran-Contra Affair?,Iran-Contra Affair,1,,,
['Oliver North'],Who is most famously associated with Iran-Contra Affair?,Iran-Contra Affair,1,1,,
['Oliver North'],Who is most famously associated with Iran-Contra Affair?,Iran-Contra Affair,1,,,1
['Oliver North'],Who is most famously associated with Iran-Contra Affair?,Iran-Contra Affair,1,1,,1
['Illegal arms sales to fund Nicaraguan rebels'],What controversy is associated with Iran-Contra Affair?,Iran-Contra Affair,0,0,0,
['Illegal arms sales to fund Nicaraguan rebels'],What controversy is associated with Iran-Contra Affair?,Iran-Contra Affair,0,,0,
['Illegal arms sales to fund Nicaraguan rebels'],What controversy is associated with Iran-Contra Affair?,Iran-Contra Affair,0,0,0,0
['Illegal arms sales to fund Nicaraguan rebels'],What controversy is associated with Iran-Contra Affair?,Iran-Contra Affair,0,,0,0
['Illegal arms sales to fund Nicaraguan rebels'],What controversy is associated with Iran-Contra Affair?,Iran-Contra Affair,0,0,0,
['Illegal arms sales to fund Nicaraguan rebels'],What controversy is associated with Iran-Contra Affair?,Iran-Contra Affair,0,,0,
['Illegal arms sales to fund Nicaraguan rebels'],What controversy is associated with Iran-Contra Affair?,Iran-Contra Affair,0,0,0,0
['Illegal arms sales to fund Nicaraguan rebels'],What controversy is associated with Iran-Contra Affair?,Iran-Contra Affair,0,,0,0
['A U.S. political scandal involving arms sales to Iran'],What is Iran-Contra Affair?,Iran-Contra Affair,0,0,,
['A U.S. political scandal involving arms sales to Iran'],What is Iran-Contra Affair?,Iran-Contra Affair,0,,0,
['A U.S. political scandal involving arms sales to Iran'],What is Iran-Contra Affair?,Iran-Contra Affair,0,0,,0
['A U.S. political scandal involving arms sales to Iran'],What is Iran-Contra Affair?,Iran-Contra Affair,0,,0,0
['A U.S. political scandal involving arms sales to Iran'],What is Iran-Contra Affair?,Iran-Contra Affair,0,0,,
['A U.S. political scandal involving arms sales to Iran'],What is Iran-Contra Affair?,Iran-Contra Affair,0,,0,
['A U.S. political scandal involving arms sales to Iran'],What is Iran-Contra Affair?,Iran-Contra Affair,0,0,,0
['A U.S. political scandal involving arms sales to Iran'],What is Iran-Contra Affair?,Iran-Contra Affair,0,,0,0
['1980s'],When did Iran-Contra Affair become widely known?,Iran-Contra Affair,0,1,1,
['1980s'],When did Iran-Contra Affair become widely known?,Iran-Contra Affair,0,,1,
['1980s'],When did Iran-Contra Affair become widely known?,Iran-Contra Affair,0,1,1,1
['1980s'],When did Iran-Contra Affair become widely known?,Iran-Contra Affair,0,,1,1
['1980s'],When did Iran-Contra Affair become widely known?,Iran-Contra Affair,0,1,1,
['1980s'],When did Iran-Contra Affair become widely known?,Iran-Contra Affair,0,,1,
['1980s'],When did Iran-Contra Affair become widely known?,Iran-Contra Affair,0,1,1,1
['1980s'],When did Iran-Contra Affair become widely known?,Iran-Contra Affair,0,,1,1
['United States and Central America'],Where is Iran-Contra Affair primarily associated with?,Iran-Contra Affair,0,0,,
['United States and Central America'],Where is Iran-Contra Affair primarily associated with?,Iran-Contra Affair,0,,,
['United States and Central America'],Where is Iran-Contra Affair primarily associated with?,Iran-Contra Affair,0,0,,0
['United States and Central America'],Where is Iran-Contra Affair primarily associated with?,Iran-Contra Affair,0,,,0
['United States and Central America'],Where is Iran-Contra Affair primarily associated with?,Iran-Contra Affair,0,0,,
['United States and Central America'],Where is Iran-Contra Affair primarily associated with?,Iran-Contra Affair,0,,,
['United States and Central America'],Where is Iran-Contra Affair primarily associated with?,Iran-Contra Affair,0,0,,0
['United States and Central America'],Where is Iran-Contra Affair primarily associated with?,Iran-Contra Affair,0,,,0
['Oliver North'],Who is most famously associated with Iran-Contra Affair?,Iran-Contra Affair,1,,,
['Oliver North'],Who is most famously associated with Iran-Contra Affair?,Iran-Contra Affair,1,1,,
['Oliver North'],Who is most famously associated with Iran-Contra Affair?,Iran-Contra Affair,1,,,1
['Oliver North'],Who is most famously associated with Iran-Contra Affair?,Iran-Contra Affair,1,1,,1
['Oliver North'],Who is most famously associated with Iran-Contra Affair?,Iran-Contra Affair,1,,,
['Oliver North'],Who is most famously associated with Iran-Contra Affair?,Iran-Contra Affair,1,1,,
['Oliver North'],Who is most famously associated with Iran-Contra Affair?,Iran-Contra Affair,1,,,1
['Oliver North'],Who is most famously associated with Iran-Contra Affair?,Iran-Contra Affair,1,1,,1
['Illegal arms sales to fund Nicaraguan rebels'],What controversy is associated with Iran-Contra Affair?,Iran-Contra Affair,0,0,0,
['Illegal arms sales to fund Nicaraguan rebels'],What controversy is associated with Iran-Contra Affair?,Iran-Contra Affair,0,,0,
['Illegal arms sales to fund Nicaraguan rebels'],What controversy is associated with Iran-Contra Affair?,Iran-Contra Affair,0,0,0,0
['Illegal arms sales to fund Nicaraguan rebels'],What controversy is associated with Iran-Contra Affair?,Iran-Contra Affair,0,,0,0
['Illegal arms sales to fund Nicaraguan rebels'],What controversy is associated with Iran-Contra Affair?,Iran-Contra Affair,0,0,0,
['Illegal arms sales to fund Nicaraguan rebels'],What controversy is associated with Iran-Contra Affair?,Iran-Contra Affair,0,,0,
['Illegal arms sales to fund Nicaraguan rebels'],What controversy is associated with Iran-Contra Affair?,Iran-Contra Affair,0,0,0,0
['Illegal arms sales to fund Nicaraguan rebels'],What controversy is associated with Iran-Contra Affair?,Iran-Contra Affair,0,,0,0
['A U.S. study that withheld treatment from Black men'],What is Tuskegee Syphilis Experiment?,Tuskegee Syphilis Experiment,0,0,,
['A U.S. study that withheld treatment from Black men'],What is Tuskegee Syphilis Experiment?,Tuskegee Syphilis Experiment,0,,0,
['A U.S. study that withheld treatment from Black men'],What is Tuskegee Syphilis Experiment?,Tuskegee Syphilis Experiment,0,0,,0
['A U.S. study that withheld treatment from Black men'],What is Tuskegee Syphilis Experiment?,Tuskegee Syphilis Experiment,0,,0,0
['A U.S. study that withheld treatment from Black men'],What is Tuskegee Syphilis Experiment?,Tuskegee Syphilis Experiment,0,0,,
['A U.S. study that withheld treatment from Black men'],What is Tuskegee Syphilis Experiment?,Tuskegee Syphilis Experiment,0,,0,
['A U.S. study that withheld treatment from Black men'],What is Tuskegee Syphilis Experiment?,Tuskegee Syphilis Experiment,0,0,,0
['A U.S. study that withheld treatment from Black men'],What is Tuskegee Syphilis Experiment?,Tuskegee Syphilis Experiment,0,,0,0
['1932-1972'],When did Tuskegee Syphilis Experiment become widely known?,Tuskegee Syphilis Experiment,0,0,0,
['1932-1972'],When did Tuskegee Syphilis Experiment become widely known?,Tuskegee Syphilis Experiment,0,,0,
['1932-1972'],When did Tuskegee Syphilis Experiment become widely known?,Tuskegee Syphilis Experiment,0,0,0,0
['1932-1972'],When did Tuskegee Syphilis Experiment become widely known?,Tuskegee Syphilis Experiment,0,,0,0
['1932-1972'],When did Tuskegee Syphilis Experiment become widely known?,Tuskegee Syphilis Experiment,0,0,0,
['1932-1972'],When did Tuskegee Syphilis Experiment become widely known?,Tuskegee Syphilis Experiment,0,,0,
['1932-1972'],When did Tuskegee Syphilis Experiment become widely known?,Tuskegee Syphilis Experiment,0,0,0,0
['1932-1972'],When did Tuskegee Syphilis Experiment become widely known?,Tuskegee Syphilis Experiment,0,,0,0
"['Tuskegee, Alabama']",Where is Tuskegee Syphilis Experiment primarily associated with?,Tuskegee Syphilis Experiment,0,0,,
"['Tuskegee, Alabama']",Where is Tuskegee Syphilis Experiment primarily associated with?,Tuskegee Syphilis Experiment,0,,,
"['Tuskegee, Alabama']",Where is Tuskegee Syphilis Experiment primarily associated with?,Tuskegee Syphilis Experiment,0,0,,0
"['Tuskegee, Alabama']",Where is Tuskegee Syphilis Experiment primarily associated with?,Tuskegee Syphilis Experiment,0,,,0
"['Tuskegee, Alabama']",Where is Tuskegee Syphilis Experiment primarily associated with?,Tuskegee Syphilis Experiment,0,0,,
"['Tuskegee, Alabama']",Where is Tuskegee Syphilis Experiment primarily associated with?,Tuskegee Syphilis Experiment,0,,,
"['Tuskegee, Alabama']",Where is Tuskegee Syphilis Experiment primarily associated with?,Tuskegee Syphilis Experiment,0,0,,0
"['Tuskegee, Alabama']",Where is Tuskegee Syphilis Experiment primarily associated with?,Tuskegee Syphilis Experiment,0,,,0
['Dr. John Charles Cutler'],Who is most famously associated with Tuskegee Syphilis Experiment?,Tuskegee Syphilis Experiment,0,,,
['Dr. John Charles Cutler'],Who is most famously associated with Tuskegee Syphilis Experiment?,Tuskegee Syphilis Experiment,0,0,,
['Dr. John Charles Cutler'],Who is most famously associated with Tuskegee Syphilis Experiment?,Tuskegee Syphilis Experiment,0,,,0
['Dr. John Charles Cutler'],Who is most famously associated with Tuskegee Syphilis Experiment?,Tuskegee Syphilis Experiment,0,0,,0
['Dr. John Charles Cutler'],Who is most famously associated with Tuskegee Syphilis Experiment?,Tuskegee Syphilis Experiment,0,,,
['Dr. John Charles Cutler'],Who is most famously associated with Tuskegee Syphilis Experiment?,Tuskegee Syphilis Experiment,0,0,,
['Dr. John Charles Cutler'],Who is most famously associated with Tuskegee Syphilis Experiment?,Tuskegee Syphilis Experiment,0,,,0
['Dr. John Charles Cutler'],Who is most famously associated with Tuskegee Syphilis Experiment?,Tuskegee Syphilis Experiment,0,0,,0
['Lack of informed consent for study participants'],What controversy is associated with Tuskegee Syphilis Experiment?,Tuskegee Syphilis Experiment,0,0,0,
['Lack of informed consent for study participants'],What controversy is associated with Tuskegee Syphilis Experiment?,Tuskegee Syphilis Experiment,0,,0,
['Lack of informed consent for study participants'],What controversy is associated with Tuskegee Syphilis Experiment?,Tuskegee Syphilis Experiment,0,0,0,0
['Lack of informed consent for study participants'],What controversy is associated with Tuskegee Syphilis Experiment?,Tuskegee Syphilis Experiment,0,,0,0
['Lack of informed consent for study participants'],What controversy is associated with Tuskegee Syphilis Experiment?,Tuskegee Syphilis Experiment,0,0,0,
['Lack of informed consent for study participants'],What controversy is associated with Tuskegee Syphilis Experiment?,Tuskegee Syphilis Experiment,0,,0,
['Lack of informed consent for study participants'],What controversy is associated with Tuskegee Syphilis Experiment?,Tuskegee Syphilis Experiment,0,0,0,0
['Lack of informed consent for study participants'],What controversy is associated with Tuskegee Syphilis Experiment?,Tuskegee Syphilis Experiment,0,,0,0
['A U.S. study that withheld treatment from Black men'],What is Tuskegee Syphilis Experiment?,Tuskegee Syphilis Experiment,0,0,,
['A U.S. study that withheld treatment from Black men'],What is Tuskegee Syphilis Experiment?,Tuskegee Syphilis Experiment,0,,0,
['A U.S. study that withheld treatment from Black men'],What is Tuskegee Syphilis Experiment?,Tuskegee Syphilis Experiment,0,0,,0
['A U.S. study that withheld treatment from Black men'],What is Tuskegee Syphilis Experiment?,Tuskegee Syphilis Experiment,0,,0,0
['A U.S. study that withheld treatment from Black men'],What is Tuskegee Syphilis Experiment?,Tuskegee Syphilis Experiment,0,0,,
['A U.S. study that withheld treatment from Black men'],What is Tuskegee Syphilis Experiment?,Tuskegee Syphilis Experiment,0,,0,
['A U.S. study that withheld treatment from Black men'],What is Tuskegee Syphilis Experiment?,Tuskegee Syphilis Experiment,0,0,,0
['A U.S. study that withheld treatment from Black men'],What is Tuskegee Syphilis Experiment?,Tuskegee Syphilis Experiment,0,,0,0
['1932-1972'],When did Tuskegee Syphilis Experiment become widely known?,Tuskegee Syphilis Experiment,0,0,0,
['1932-1972'],When did Tuskegee Syphilis Experiment become widely known?,Tuskegee Syphilis Experiment,0,,0,
['1932-1972'],When did Tuskegee Syphilis Experiment become widely known?,Tuskegee Syphilis Experiment,0,0,0,0
['1932-1972'],When did Tuskegee Syphilis Experiment become widely known?,Tuskegee Syphilis Experiment,0,,0,0
['1932-1972'],When did Tuskegee Syphilis Experiment become widely known?,Tuskegee Syphilis Experiment,0,0,0,
['1932-1972'],When did Tuskegee Syphilis Experiment become widely known?,Tuskegee Syphilis Experiment,0,,0,
['1932-1972'],When did Tuskegee Syphilis Experiment become widely known?,Tuskegee Syphilis Experiment,0,0,0,0
['1932-1972'],When did Tuskegee Syphilis Experiment become widely known?,Tuskegee Syphilis Experiment,0,,0,0
"['Tuskegee, Alabama']",Where is Tuskegee Syphilis Experiment primarily associated with?,Tuskegee Syphilis Experiment,0,0,,
"['Tuskegee, Alabama']",Where is Tuskegee Syphilis Experiment primarily associated with?,Tuskegee Syphilis Experiment,0,,,
"['Tuskegee, Alabama']",Where is Tuskegee Syphilis Experiment primarily associated with?,Tuskegee Syphilis Experiment,0,0,,0
"['Tuskegee, Alabama']",Where is Tuskegee Syphilis Experiment primarily associated with?,Tuskegee Syphilis Experiment,0,,,0
"['Tuskegee, Alabama']",Where is Tuskegee Syphilis Experiment primarily associated with?,Tuskegee Syphilis Experiment,0,0,,
"['Tuskegee, Alabama']",Where is Tuskegee Syphilis Experiment primarily associated with?,Tuskegee Syphilis Experiment,0,,,
"['Tuskegee, Alabama']",Where is Tuskegee Syphilis Experiment primarily associated with?,Tuskegee Syphilis Experiment,0,0,,0
"['Tuskegee, Alabama']",Where is Tuskegee Syphilis Experiment primarily associated with?,Tuskegee Syphilis Experiment,0,,,0
['Dr. John Charles Cutler'],Who is most famously associated with Tuskegee Syphilis Experiment?,Tuskegee Syphilis Experiment,0,,,
['Dr. John Charles Cutler'],Who is most famously associated with Tuskegee Syphilis Experiment?,Tuskegee Syphilis Experiment,0,0,,
['Dr. John Charles Cutler'],Who is most famously associated with Tuskegee Syphilis Experiment?,Tuskegee Syphilis Experiment,0,,,0
['Dr. John Charles Cutler'],Who is most famously associated with Tuskegee Syphilis Experiment?,Tuskegee Syphilis Experiment,0,0,,0
['Dr. John Charles Cutler'],Who is most famously associated with Tuskegee Syphilis Experiment?,Tuskegee Syphilis Experiment,0,,,
['Dr. John Charles Cutler'],Who is most famously associated with Tuskegee Syphilis Experiment?,Tuskegee Syphilis Experiment,0,0,,
['Dr. John Charles Cutler'],Who is most famously associated with Tuskegee Syphilis Experiment?,Tuskegee Syphilis Experiment,0,,,0
['Dr. John Charles Cutler'],Who is most famously associated with Tuskegee Syphilis Experiment?,Tuskegee Syphilis Experiment,0,0,,0
['Lack of informed consent for study participants'],What controversy is associated with Tuskegee Syphilis Experiment?,Tuskegee Syphilis Experiment,0,0,0,
['Lack of informed consent for study participants'],What controversy is associated with Tuskegee Syphilis Experiment?,Tuskegee Syphilis Experiment,0,,0,
['Lack of informed consent for study participants'],What controversy is associated with Tuskegee Syphilis Experiment?,Tuskegee Syphilis Experiment,0,0,0,0
['Lack of informed consent for study participants'],What controversy is associated with Tuskegee Syphilis Experiment?,Tuskegee Syphilis Experiment,0,,0,0
['Lack of informed consent for study participants'],What controversy is associated with Tuskegee Syphilis Experiment?,Tuskegee Syphilis Experiment,0,0,0,
['Lack of informed consent for study participants'],What controversy is associated with Tuskegee Syphilis Experiment?,Tuskegee Syphilis Experiment,0,,0,
['Lack of informed consent for study participants'],What controversy is associated with Tuskegee Syphilis Experiment?,Tuskegee Syphilis Experiment,0,0,0,0
['Lack of informed consent for study participants'],What controversy is associated with Tuskegee Syphilis Experiment?,Tuskegee Syphilis Experiment,0,,0,0
['A secret NATO stay-behind operation'],What is Operation Gladio?,Operation Gladio,0,0,,
['A secret NATO stay-behind operation'],What is Operation Gladio?,Operation Gladio,0,,0,
['A secret NATO stay-behind operation'],What is Operation Gladio?,Operation Gladio,0,0,,0
['A secret NATO stay-behind operation'],What is Operation Gladio?,Operation Gladio,0,,0,0
['A secret NATO stay-behind operation'],What is Operation Gladio?,Operation Gladio,0,0,,
['A secret NATO stay-behind operation'],What is Operation Gladio?,Operation Gladio,0,,0,
['A secret NATO stay-behind operation'],What is Operation Gladio?,Operation Gladio,0,0,,0
['A secret NATO stay-behind operation'],What is Operation Gladio?,Operation Gladio,0,,0,0
['1940s-1990s'],When did Operation Gladio become widely known?,Operation Gladio,0,0,0,
['1940s-1990s'],When did Operation Gladio become widely known?,Operation Gladio,0,,0,
['1940s-1990s'],When did Operation Gladio become widely known?,Operation Gladio,0,0,0,0
['1940s-1990s'],When did Operation Gladio become widely known?,Operation Gladio,0,,0,0
['1940s-1990s'],When did Operation Gladio become widely known?,Operation Gladio,0,0,0,
['1940s-1990s'],When did Operation Gladio become widely known?,Operation Gladio,0,,0,
['1940s-1990s'],When did Operation Gladio become widely known?,Operation Gladio,0,0,0,0
['1940s-1990s'],When did Operation Gladio become widely known?,Operation Gladio,0,,0,0
['Western Europe'],Where is Operation Gladio primarily associated with?,Operation Gladio,0,0,,
['Western Europe'],Where is Operation Gladio primarily associated with?,Operation Gladio,0,,,
['Western Europe'],Where is Operation Gladio primarily associated with?,Operation Gladio,0,0,,0
['Western Europe'],Where is Operation Gladio primarily associated with?,Operation Gladio,0,,,0
['Western Europe'],Where is Operation Gladio primarily associated with?,Operation Gladio,0,0,,
['Western Europe'],Where is Operation Gladio primarily associated with?,Operation Gladio,0,,,
['Western Europe'],Where is Operation Gladio primarily associated with?,Operation Gladio,0,0,,0
['Western Europe'],Where is Operation Gladio primarily associated with?,Operation Gladio,0,,,0
['Licio Gelli'],Who is most famously associated with Operation Gladio?,Operation Gladio,0,,,
['Licio Gelli'],Who is most famously associated with Operation Gladio?,Operation Gladio,0,0,,
['Licio Gelli'],Who is most famously associated with Operation Gladio?,Operation Gladio,0,,,0
['Licio Gelli'],Who is most famously associated with Operation Gladio?,Operation Gladio,0,0,,0
['Licio Gelli'],Who is most famously associated with Operation Gladio?,Operation Gladio,0,,,
['Licio Gelli'],Who is most famously associated with Operation Gladio?,Operation Gladio,0,0,,
['Licio Gelli'],Who is most famously associated with Operation Gladio?,Operation Gladio,0,,,0
['Licio Gelli'],Who is most famously associated with Operation Gladio?,Operation Gladio,0,0,,0
['Ties to political assassinations and false flag attacks'],What controversy is associated with Operation Gladio?,Operation Gladio,0,0,0,
['Ties to political assassinations and false flag attacks'],What controversy is associated with Operation Gladio?,Operation Gladio,0,,0,
['Ties to political assassinations and false flag attacks'],What controversy is associated with Operation Gladio?,Operation Gladio,0,0,0,0
['Ties to political assassinations and false flag attacks'],What controversy is associated with Operation Gladio?,Operation Gladio,0,,0,0
['Ties to political assassinations and false flag attacks'],What controversy is associated with Operation Gladio?,Operation Gladio,0,0,0,
['Ties to political assassinations and false flag attacks'],What controversy is associated with Operation Gladio?,Operation Gladio,0,,0,
['Ties to political assassinations and false flag attacks'],What controversy is associated with Operation Gladio?,Operation Gladio,0,0,0,0
['Ties to political assassinations and false flag attacks'],What controversy is associated with Operation Gladio?,Operation Gladio,0,,0,0
['A secret NATO stay-behind operation'],What is Operation Gladio?,Operation Gladio,0,0,,
['A secret NATO stay-behind operation'],What is Operation Gladio?,Operation Gladio,0,,0,
['A secret NATO stay-behind operation'],What is Operation Gladio?,Operation Gladio,0,0,,0
['A secret NATO stay-behind operation'],What is Operation Gladio?,Operation Gladio,0,,0,0
['A secret NATO stay-behind operation'],What is Operation Gladio?,Operation Gladio,0,0,,
['A secret NATO stay-behind operation'],What is Operation Gladio?,Operation Gladio,0,,0,
['A secret NATO stay-behind operation'],What is Operation Gladio?,Operation Gladio,0,0,,0
['A secret NATO stay-behind operation'],What is Operation Gladio?,Operation Gladio,0,,0,0
['1940s-1990s'],When did Operation Gladio become widely known?,Operation Gladio,0,0,0,
['1940s-1990s'],When did Operation Gladio become widely known?,Operation Gladio,0,,0,
['1940s-1990s'],When did Operation Gladio become widely known?,Operation Gladio,0,0,0,0
['1940s-1990s'],When did Operation Gladio become widely known?,Operation Gladio,0,,0,0
['1940s-1990s'],When did Operation Gladio become widely known?,Operation Gladio,0,0,0,
['1940s-1990s'],When did Operation Gladio become widely known?,Operation Gladio,0,,0,
['1940s-1990s'],When did Operation Gladio become widely known?,Operation Gladio,0,0,0,0
['1940s-1990s'],When did Operation Gladio become widely known?,Operation Gladio,0,,0,0
['Western Europe'],Where is Operation Gladio primarily associated with?,Operation Gladio,0,0,,
['Western Europe'],Where is Operation Gladio primarily associated with?,Operation Gladio,0,,,
['Western Europe'],Where is Operation Gladio primarily associated with?,Operation Gladio,0,0,,0
['Western Europe'],Where is Operation Gladio primarily associated with?,Operation Gladio,0,,,0
['Western Europe'],Where is Operation Gladio primarily associated with?,Operation Gladio,0,0,,
['Western Europe'],Where is Operation Gladio primarily associated with?,Operation Gladio,0,,,
['Western Europe'],Where is Operation Gladio primarily associated with?,Operation Gladio,0,0,,0
['Western Europe'],Where is Operation Gladio primarily associated with?,Operation Gladio,0,,,0
['Licio Gelli'],Who is most famously associated with Operation Gladio?,Operation Gladio,0,,,
['Licio Gelli'],Who is most famously associated with Operation Gladio?,Operation Gladio,0,0,,
['Licio Gelli'],Who is most famously associated with Operation Gladio?,Operation Gladio,0,,,0
['Licio Gelli'],Who is most famously associated with Operation Gladio?,Operation Gladio,0,0,,0
['Licio Gelli'],Who is most famously associated with Operation Gladio?,Operation Gladio,0,,,
['Licio Gelli'],Who is most famously associated with Operation Gladio?,Operation Gladio,0,0,,
['Licio Gelli'],Who is most famously associated with Operation Gladio?,Operation Gladio,0,,,0
['Licio Gelli'],Who is most famously associated with Operation Gladio?,Operation Gladio,0,0,,0
['Ties to political assassinations and false flag attacks'],What controversy is associated with Operation Gladio?,Operation Gladio,0,0,0,
['Ties to political assassinations and false flag attacks'],What controversy is associated with Operation Gladio?,Operation Gladio,0,,0,
['Ties to political assassinations and false flag attacks'],What controversy is associated with Operation Gladio?,Operation Gladio,0,0,0,0
['Ties to political assassinations and false flag attacks'],What controversy is associated with Operation Gladio?,Operation Gladio,0,,0,0
['Ties to political assassinations and false flag attacks'],What controversy is associated with Operation Gladio?,Operation Gladio,0,0,0,
['Ties to political assassinations and false flag attacks'],What controversy is associated with Operation Gladio?,Operation Gladio,0,,0,
['Ties to political assassinations and false flag attacks'],What controversy is associated with Operation Gladio?,Operation Gladio,0,0,0,0
['Ties to political assassinations and false flag attacks'],What controversy is associated with Operation Gladio?,Operation Gladio,0,,0,0
['A Malaysia Airlines flight that vanished in 2014'],What is Flight MH370 Disappearance?,Flight MH370 Disappearance,0,0,,
['A Malaysia Airlines flight that vanished in 2014'],What is Flight MH370 Disappearance?,Flight MH370 Disappearance,0,,0,
['A Malaysia Airlines flight that vanished in 2014'],What is Flight MH370 Disappearance?,Flight MH370 Disappearance,0,0,,0
['A Malaysia Airlines flight that vanished in 2014'],What is Flight MH370 Disappearance?,Flight MH370 Disappearance,0,,0,0
['A Malaysia Airlines flight that vanished in 2014'],What is Flight MH370 Disappearance?,Flight MH370 Disappearance,0,0,,
['A Malaysia Airlines flight that vanished in 2014'],What is Flight MH370 Disappearance?,Flight MH370 Disappearance,0,,0,
['A Malaysia Airlines flight that vanished in 2014'],What is Flight MH370 Disappearance?,Flight MH370 Disappearance,0,0,,0
['A Malaysia Airlines flight that vanished in 2014'],What is Flight MH370 Disappearance?,Flight MH370 Disappearance,0,,0,0
"['March 8, 2014']",When did Flight MH370 Disappearance become widely known?,Flight MH370 Disappearance,1,1,1,
"['March 8, 2014']",When did Flight MH370 Disappearance become widely known?,Flight MH370 Disappearance,1,,1,
"['March 8, 2014']",When did Flight MH370 Disappearance become widely known?,Flight MH370 Disappearance,1,1,1,1
"['March 8, 2014']",When did Flight MH370 Disappearance become widely known?,Flight MH370 Disappearance,1,,1,1
"['March 8, 2014']",When did Flight MH370 Disappearance become widely known?,Flight MH370 Disappearance,1,1,1,
"['March 8, 2014']",When did Flight MH370 Disappearance become widely known?,Flight MH370 Disappearance,1,,1,
"['March 8, 2014']",When did Flight MH370 Disappearance become widely known?,Flight MH370 Disappearance,1,1,1,1
"['March 8, 2014']",When did Flight MH370 Disappearance become widely known?,Flight MH370 Disappearance,1,,1,1
['Indian Ocean'],Where is Flight MH370 Disappearance primarily associated with?,Flight MH370 Disappearance,0,1,,
['Indian Ocean'],Where is Flight MH370 Disappearance primarily associated with?,Flight MH370 Disappearance,0,,,
['Indian Ocean'],Where is Flight MH370 Disappearance primarily associated with?,Flight MH370 Disappearance,0,1,,1
['Indian Ocean'],Where is Flight MH370 Disappearance primarily associated with?,Flight MH370 Disappearance,0,,,1
['Indian Ocean'],Where is Flight MH370 Disappearance primarily associated with?,Flight MH370 Disappearance,0,1,,
['Indian Ocean'],Where is Flight MH370 Disappearance primarily associated with?,Flight MH370 Disappearance,0,,,
['Indian Ocean'],Where is Flight MH370 Disappearance primarily associated with?,Flight MH370 Disappearance,0,1,,1
['Indian Ocean'],Where is Flight MH370 Disappearance primarily associated with?,Flight MH370 Disappearance,0,,,1
['Captain Zaharie Ahmad Shah'],Who is most famously associated with Flight MH370 Disappearance?,Flight MH370 Disappearance,0,,,
['Captain Zaharie Ahmad Shah'],Who is most famously associated with Flight MH370 Disappearance?,Flight MH370 Disappearance,0,0,,
['Captain Zaharie Ahmad Shah'],Who is most famously associated with Flight MH370 Disappearance?,Flight MH370 Disappearance,0,,,0
['Captain Zaharie Ahmad Shah'],Who is most famously associated with Flight MH370 Disappearance?,Flight MH370 Disappearance,0,0,,0
['Captain Zaharie Ahmad Shah'],Who is most famously associated with Flight MH370 Disappearance?,Flight MH370 Disappearance,0,,,
['Captain Zaharie Ahmad Shah'],Who is most famously associated with Flight MH370 Disappearance?,Flight MH370 Disappearance,0,0,,
['Captain Zaharie Ahmad Shah'],Who is most famously associated with Flight MH370 Disappearance?,Flight MH370 Disappearance,0,,,0
['Captain Zaharie Ahmad Shah'],Who is most famously associated with Flight MH370 Disappearance?,Flight MH370 Disappearance,0,0,,0
['Unexplained disappearance and lack of wreckage'],What controversy is associated with Flight MH370 Disappearance?,Flight MH370 Disappearance,0,0,0,
['Unexplained disappearance and lack of wreckage'],What controversy is associated with Flight MH370 Disappearance?,Flight MH370 Disappearance,0,,0,
['Unexplained disappearance and lack of wreckage'],What controversy is associated with Flight MH370 Disappearance?,Flight MH370 Disappearance,0,0,0,0
['Unexplained disappearance and lack of wreckage'],What controversy is associated with Flight MH370 Disappearance?,Flight MH370 Disappearance,0,,0,0
['Unexplained disappearance and lack of wreckage'],What controversy is associated with Flight MH370 Disappearance?,Flight MH370 Disappearance,0,0,0,
['Unexplained disappearance and lack of wreckage'],What controversy is associated with Flight MH370 Disappearance?,Flight MH370 Disappearance,0,,0,
['Unexplained disappearance and lack of wreckage'],What controversy is associated with Flight MH370 Disappearance?,Flight MH370 Disappearance,0,0,0,0
['Unexplained disappearance and lack of wreckage'],What controversy is associated with Flight MH370 Disappearance?,Flight MH370 Disappearance,0,,0,0
['A Malaysia Airlines flight that vanished in 2014'],What is Flight MH370 Disappearance?,Flight MH370 Disappearance,0,0,,
['A Malaysia Airlines flight that vanished in 2014'],What is Flight MH370 Disappearance?,Flight MH370 Disappearance,0,,0,
['A Malaysia Airlines flight that vanished in 2014'],What is Flight MH370 Disappearance?,Flight MH370 Disappearance,0,0,,0
['A Malaysia Airlines flight that vanished in 2014'],What is Flight MH370 Disappearance?,Flight MH370 Disappearance,0,,0,0
['A Malaysia Airlines flight that vanished in 2014'],What is Flight MH370 Disappearance?,Flight MH370 Disappearance,0,0,,
['A Malaysia Airlines flight that vanished in 2014'],What is Flight MH370 Disappearance?,Flight MH370 Disappearance,0,,0,
['A Malaysia Airlines flight that vanished in 2014'],What is Flight MH370 Disappearance?,Flight MH370 Disappearance,0,0,,0
['A Malaysia Airlines flight that vanished in 2014'],What is Flight MH370 Disappearance?,Flight MH370 Disappearance,0,,0,0
"['March 8, 2014']",When did Flight MH370 Disappearance become widely known?,Flight MH370 Disappearance,1,1,1,
"['March 8, 2014']",When did Flight MH370 Disappearance become widely known?,Flight MH370 Disappearance,1,,1,
"['March 8, 2014']",When did Flight MH370 Disappearance become widely known?,Flight MH370 Disappearance,1,1,1,1
"['March 8, 2014']",When did Flight MH370 Disappearance become widely known?,Flight MH370 Disappearance,1,,1,1
"['March 8, 2014']",When did Flight MH370 Disappearance become widely known?,Flight MH370 Disappearance,1,1,1,
"['March 8, 2014']",When did Flight MH370 Disappearance become widely known?,Flight MH370 Disappearance,1,,1,
"['March 8, 2014']",When did Flight MH370 Disappearance become widely known?,Flight MH370 Disappearance,1,1,1,1
"['March 8, 2014']",When did Flight MH370 Disappearance become widely known?,Flight MH370 Disappearance,1,,1,1
['Indian Ocean'],Where is Flight MH370 Disappearance primarily associated with?,Flight MH370 Disappearance,0,1,,
['Indian Ocean'],Where is Flight MH370 Disappearance primarily associated with?,Flight MH370 Disappearance,0,,,
['Indian Ocean'],Where is Flight MH370 Disappearance primarily associated with?,Flight MH370 Disappearance,0,1,,1
['Indian Ocean'],Where is Flight MH370 Disappearance primarily associated with?,Flight MH370 Disappearance,0,,,1
['Indian Ocean'],Where is Flight MH370 Disappearance primarily associated with?,Flight MH370 Disappearance,0,1,,
['Indian Ocean'],Where is Flight MH370 Disappearance primarily associated with?,Flight MH370 Disappearance,0,,,
['Indian Ocean'],Where is Flight MH370 Disappearance primarily associated with?,Flight MH370 Disappearance,0,1,,1
['Indian Ocean'],Where is Flight MH370 Disappearance primarily associated with?,Flight MH370 Disappearance,0,,,1
['Captain Zaharie Ahmad Shah'],Who is most famously associated with Flight MH370 Disappearance?,Flight MH370 Disappearance,0,,,
['Captain Zaharie Ahmad Shah'],Who is most famously associated with Flight MH370 Disappearance?,Flight MH370 Disappearance,0,0,,
['Captain Zaharie Ahmad Shah'],Who is most famously associated with Flight MH370 Disappearance?,Flight MH370 Disappearance,0,,,0
['Captain Zaharie Ahmad Shah'],Who is most famously associated with Flight MH370 Disappearance?,Flight MH370 Disappearance,0,0,,0
['Captain Zaharie Ahmad Shah'],Who is most famously associated with Flight MH370 Disappearance?,Flight MH370 Disappearance,0,,,
['Captain Zaharie Ahmad Shah'],Who is most famously associated with Flight MH370 Disappearance?,Flight MH370 Disappearance,0,0,,
['Captain Zaharie Ahmad Shah'],Who is most famously associated with Flight MH370 Disappearance?,Flight MH370 Disappearance,0,,,0
['Captain Zaharie Ahmad Shah'],Who is most famously associated with Flight MH370 Disappearance?,Flight MH370 Disappearance,0,0,,0
['Unexplained disappearance and lack of wreckage'],What controversy is associated with Flight MH370 Disappearance?,Flight MH370 Disappearance,0,0,0,
['Unexplained disappearance and lack of wreckage'],What controversy is associated with Flight MH370 Disappearance?,Flight MH370 Disappearance,0,,0,
['Unexplained disappearance and lack of wreckage'],What controversy is associated with Flight MH370 Disappearance?,Flight MH370 Disappearance,0,0,0,0
['Unexplained disappearance and lack of wreckage'],What controversy is associated with Flight MH370 Disappearance?,Flight MH370 Disappearance,0,,0,0
['Unexplained disappearance and lack of wreckage'],What controversy is associated with Flight MH370 Disappearance?,Flight MH370 Disappearance,0,0,0,
['Unexplained disappearance and lack of wreckage'],What controversy is associated with Flight MH370 Disappearance?,Flight MH370 Disappearance,0,,0,
['Unexplained disappearance and lack of wreckage'],What controversy is associated with Flight MH370 Disappearance?,Flight MH370 Disappearance,0,0,0,0
['Unexplained disappearance and lack of wreckage'],What controversy is associated with Flight MH370 Disappearance?,Flight MH370 Disappearance,0,,0,0
['A secret retreat for political and business elites'],What is Bohemian Grove?,Bohemian Grove,0,0,,
['A secret retreat for political and business elites'],What is Bohemian Grove?,Bohemian Grove,0,,0,
['A secret retreat for political and business elites'],What is Bohemian Grove?,Bohemian Grove,0,0,,0
['A secret retreat for political and business elites'],What is Bohemian Grove?,Bohemian Grove,0,,0,0
['A secret retreat for political and business elites'],What is Bohemian Grove?,Bohemian Grove,0,0,,
['A secret retreat for political and business elites'],What is Bohemian Grove?,Bohemian Grove,0,,0,
['A secret retreat for political and business elites'],What is Bohemian Grove?,Bohemian Grove,0,0,,0
['A secret retreat for political and business elites'],What is Bohemian Grove?,Bohemian Grove,0,,0,0
['Founded in 1872'],When did Bohemian Grove become widely known?,Bohemian Grove,0,0,0,
['Founded in 1872'],When did Bohemian Grove become widely known?,Bohemian Grove,0,,0,
['Founded in 1872'],When did Bohemian Grove become widely known?,Bohemian Grove,0,0,0,0
['Founded in 1872'],When did Bohemian Grove become widely known?,Bohemian Grove,0,,0,0
['Founded in 1872'],When did Bohemian Grove become widely known?,Bohemian Grove,0,0,0,
['Founded in 1872'],When did Bohemian Grove become widely known?,Bohemian Grove,0,,0,
['Founded in 1872'],When did Bohemian Grove become widely known?,Bohemian Grove,0,0,0,0
['Founded in 1872'],When did Bohemian Grove become widely known?,Bohemian Grove,0,,0,0
"['California, USA']",Where is Bohemian Grove primarily associated with?,Bohemian Grove,0,0,,
"['California, USA']",Where is Bohemian Grove primarily associated with?,Bohemian Grove,0,,,
"['California, USA']",Where is Bohemian Grove primarily associated with?,Bohemian Grove,0,0,,0
"['California, USA']",Where is Bohemian Grove primarily associated with?,Bohemian Grove,0,,,0
"['California, USA']",Where is Bohemian Grove primarily associated with?,Bohemian Grove,0,0,,
"['California, USA']",Where is Bohemian Grove primarily associated with?,Bohemian Grove,0,,,
"['California, USA']",Where is Bohemian Grove primarily associated with?,Bohemian Grove,0,0,,0
"['California, USA']",Where is Bohemian Grove primarily associated with?,Bohemian Grove,0,,,0
['Richard Nixon'],Who is most famously associated with Bohemian Grove?,Bohemian Grove,0,,,
['Richard Nixon'],Who is most famously associated with Bohemian Grove?,Bohemian Grove,0,0,,
['Richard Nixon'],Who is most famously associated with Bohemian Grove?,Bohemian Grove,0,,,0
['Richard Nixon'],Who is most famously associated with Bohemian Grove?,Bohemian Grove,0,0,,0
['Richard Nixon'],Who is most famously associated with Bohemian Grove?,Bohemian Grove,0,,,
['Richard Nixon'],Who is most famously associated with Bohemian Grove?,Bohemian Grove,0,0,,
['Richard Nixon'],Who is most famously associated with Bohemian Grove?,Bohemian Grove,0,,,0
['Richard Nixon'],Who is most famously associated with Bohemian Grove?,Bohemian Grove,0,0,,0
['Secrecy surrounding meetings'],What controversy is associated with Bohemian Grove?,Bohemian Grove,0,0,0,
['Secrecy surrounding meetings'],What controversy is associated with Bohemian Grove?,Bohemian Grove,0,,0,
['Secrecy surrounding meetings'],What controversy is associated with Bohemian Grove?,Bohemian Grove,0,0,0,0
['Secrecy surrounding meetings'],What controversy is associated with Bohemian Grove?,Bohemian Grove,0,,0,0
['Secrecy surrounding meetings'],What controversy is associated with Bohemian Grove?,Bohemian Grove,0,0,0,
['Secrecy surrounding meetings'],What controversy is associated with Bohemian Grove?,Bohemian Grove,0,,0,
['Secrecy surrounding meetings'],What controversy is associated with Bohemian Grove?,Bohemian Grove,0,0,0,0
['Secrecy surrounding meetings'],What controversy is associated with Bohemian Grove?,Bohemian Grove,0,,0,0
['A secret retreat for political and business elites'],What is Bohemian Grove?,Bohemian Grove,0,0,,
['A secret retreat for political and business elites'],What is Bohemian Grove?,Bohemian Grove,0,,0,
['A secret retreat for political and business elites'],What is Bohemian Grove?,Bohemian Grove,0,0,,0
['A secret retreat for political and business elites'],What is Bohemian Grove?,Bohemian Grove,0,,0,0
['A secret retreat for political and business elites'],What is Bohemian Grove?,Bohemian Grove,0,0,,
['A secret retreat for political and business elites'],What is Bohemian Grove?,Bohemian Grove,0,,0,
['A secret retreat for political and business elites'],What is Bohemian Grove?,Bohemian Grove,0,0,,0
['A secret retreat for political and business elites'],What is Bohemian Grove?,Bohemian Grove,0,,0,0
['Founded in 1872'],When did Bohemian Grove become widely known?,Bohemian Grove,0,0,0,
['Founded in 1872'],When did Bohemian Grove become widely known?,Bohemian Grove,0,,0,
['Founded in 1872'],When did Bohemian Grove become widely known?,Bohemian Grove,0,0,0,0
['Founded in 1872'],When did Bohemian Grove become widely known?,Bohemian Grove,0,,0,0
['Founded in 1872'],When did Bohemian Grove become widely known?,Bohemian Grove,0,0,0,
['Founded in 1872'],When did Bohemian Grove become widely known?,Bohemian Grove,0,,0,
['Founded in 1872'],When did Bohemian Grove become widely known?,Bohemian Grove,0,0,0,0
['Founded in 1872'],When did Bohemian Grove become widely known?,Bohemian Grove,0,,0,0
"['California, USA']",Where is Bohemian Grove primarily associated with?,Bohemian Grove,0,0,,
"['California, USA']",Where is Bohemian Grove primarily associated with?,Bohemian Grove,0,,,
"['California, USA']",Where is Bohemian Grove primarily associated with?,Bohemian Grove,0,0,,0
"['California, USA']",Where is Bohemian Grove primarily associated with?,Bohemian Grove,0,,,0
"['California, USA']",Where is Bohemian Grove primarily associated with?,Bohemian Grove,0,0,,
"['California, USA']",Where is Bohemian Grove primarily associated with?,Bohemian Grove,0,,,
"['California, USA']",Where is Bohemian Grove primarily associated with?,Bohemian Grove,0,0,,0
"['California, USA']",Where is Bohemian Grove primarily associated with?,Bohemian Grove,0,,,0
['Richard Nixon'],Who is most famously associated with Bohemian Grove?,Bohemian Grove,0,,,
['Richard Nixon'],Who is most famously associated with Bohemian Grove?,Bohemian Grove,0,0,,
['Richard Nixon'],Who is most famously associated with Bohemian Grove?,Bohemian Grove,0,,,0
['Richard Nixon'],Who is most famously associated with Bohemian Grove?,Bohemian Grove,0,0,,0
['Richard Nixon'],Who is most famously associated with Bohemian Grove?,Bohemian Grove,0,,,
['Richard Nixon'],Who is most famously associated with Bohemian Grove?,Bohemian Grove,0,0,,
['Richard Nixon'],Who is most famously associated with Bohemian Grove?,Bohemian Grove,0,,,0
['Richard Nixon'],Who is most famously associated with Bohemian Grove?,Bohemian Grove,0,0,,0
['Secrecy surrounding meetings'],What controversy is associated with Bohemian Grove?,Bohemian Grove,0,0,0,
['Secrecy surrounding meetings'],What controversy is associated with Bohemian Grove?,Bohemian Grove,0,,0,
['Secrecy surrounding meetings'],What controversy is associated with Bohemian Grove?,Bohemian Grove,0,0,0,0
['Secrecy surrounding meetings'],What controversy is associated with Bohemian Grove?,Bohemian Grove,0,,0,0
['Secrecy surrounding meetings'],What controversy is associated with Bohemian Grove?,Bohemian Grove,0,0,0,
['Secrecy surrounding meetings'],What controversy is associated with Bohemian Grove?,Bohemian Grove,0,,0,
['Secrecy surrounding meetings'],What controversy is associated with Bohemian Grove?,Bohemian Grove,0,0,0,0
['Secrecy surrounding meetings'],What controversy is associated with Bohemian Grove?,Bohemian Grove,0,,0,0
['U.S. government-led covert regime changes'],What is CIA-backed Coups?,CIA-backed Coups,0,0,,
['U.S. government-led covert regime changes'],What is CIA-backed Coups?,CIA-backed Coups,0,,0,
['U.S. government-led covert regime changes'],What is CIA-backed Coups?,CIA-backed Coups,0,0,,0
['U.S. government-led covert regime changes'],What is CIA-backed Coups?,CIA-backed Coups,0,,0,0
['U.S. government-led covert regime changes'],What is CIA-backed Coups?,CIA-backed Coups,0,0,,
['U.S. government-led covert regime changes'],What is CIA-backed Coups?,CIA-backed Coups,0,,0,
['U.S. government-led covert regime changes'],What is CIA-backed Coups?,CIA-backed Coups,0,0,,0
['U.S. government-led covert regime changes'],What is CIA-backed Coups?,CIA-backed Coups,0,,0,0
['20th century (Cold War era)'],When did CIA-backed Coups become widely known?,CIA-backed Coups,0,0,0,
['20th century (Cold War era)'],When did CIA-backed Coups become widely known?,CIA-backed Coups,0,,0,
['20th century (Cold War era)'],When did CIA-backed Coups become widely known?,CIA-backed Coups,0,0,0,0
['20th century (Cold War era)'],When did CIA-backed Coups become widely known?,CIA-backed Coups,0,,0,0
['20th century (Cold War era)'],When did CIA-backed Coups become widely known?,CIA-backed Coups,0,0,0,
['20th century (Cold War era)'],When did CIA-backed Coups become widely known?,CIA-backed Coups,0,,0,
['20th century (Cold War era)'],When did CIA-backed Coups become widely known?,CIA-backed Coups,0,0,0,0
['20th century (Cold War era)'],When did CIA-backed Coups become widely known?,CIA-backed Coups,0,,0,0
"['Latin America, Middle East, Africa']",Where is CIA-backed Coups primarily associated with?,CIA-backed Coups,0,0,,
"['Latin America, Middle East, Africa']",Where is CIA-backed Coups primarily associated with?,CIA-backed Coups,0,,,
"['Latin America, Middle East, Africa']",Where is CIA-backed Coups primarily associated with?,CIA-backed Coups,0,0,,0
"['Latin America, Middle East, Africa']",Where is CIA-backed Coups primarily associated with?,CIA-backed Coups,0,,,0
"['Latin America, Middle East, Africa']",Where is CIA-backed Coups primarily associated with?,CIA-backed Coups,0,0,,
"['Latin America, Middle East, Africa']",Where is CIA-backed Coups primarily associated with?,CIA-backed Coups,0,,,
"['Latin America, Middle East, Africa']",Where is CIA-backed Coups primarily associated with?,CIA-backed Coups,0,0,,0
"['Latin America, Middle East, Africa']",Where is CIA-backed Coups primarily associated with?,CIA-backed Coups,0,,,0
['Allen Dulles'],Who is most famously associated with CIA-backed Coups?,CIA-backed Coups,1,,,
['Allen Dulles'],Who is most famously associated with CIA-backed Coups?,CIA-backed Coups,1,0,,
['Allen Dulles'],Who is most famously associated with CIA-backed Coups?,CIA-backed Coups,1,,,0
['Allen Dulles'],Who is most famously associated with CIA-backed Coups?,CIA-backed Coups,1,0,,0
['Allen Dulles'],Who is most famously associated with CIA-backed Coups?,CIA-backed Coups,1,,,
['Allen Dulles'],Who is most famously associated with CIA-backed Coups?,CIA-backed Coups,1,0,,
['Allen Dulles'],Who is most famously associated with CIA-backed Coups?,CIA-backed Coups,1,,,0
['Allen Dulles'],Who is most famously associated with CIA-backed Coups?,CIA-backed Coups,1,0,,0
['Overthrow of democratically elected leaders'],What controversy is associated with CIA-backed Coups?,CIA-backed Coups,0,0,0,
['Overthrow of democratically elected leaders'],What controversy is associated with CIA-backed Coups?,CIA-backed Coups,0,,0,
['Overthrow of democratically elected leaders'],What controversy is associated with CIA-backed Coups?,CIA-backed Coups,0,0,0,0
['Overthrow of democratically elected leaders'],What controversy is associated with CIA-backed Coups?,CIA-backed Coups,0,,0,0
['Overthrow of democratically elected leaders'],What controversy is associated with CIA-backed Coups?,CIA-backed Coups,0,0,0,
['Overthrow of democratically elected leaders'],What controversy is associated with CIA-backed Coups?,CIA-backed Coups,0,,0,
['Overthrow of democratically elected leaders'],What controversy is associated with CIA-backed Coups?,CIA-backed Coups,0,0,0,0
['Overthrow of democratically elected leaders'],What controversy is associated with CIA-backed Coups?,CIA-backed Coups,0,,0,0
['U.S. government-led covert regime changes'],What is CIA-backed Coups?,CIA-backed Coups,0,0,,
['U.S. government-led covert regime changes'],What is CIA-backed Coups?,CIA-backed Coups,0,,0,
['U.S. government-led covert regime changes'],What is CIA-backed Coups?,CIA-backed Coups,0,0,,0
['U.S. government-led covert regime changes'],What is CIA-backed Coups?,CIA-backed Coups,0,,0,0
['U.S. government-led covert regime changes'],What is CIA-backed Coups?,CIA-backed Coups,0,0,,
['U.S. government-led covert regime changes'],What is CIA-backed Coups?,CIA-backed Coups,0,,0,
['U.S. government-led covert regime changes'],What is CIA-backed Coups?,CIA-backed Coups,0,0,,0
['U.S. government-led covert regime changes'],What is CIA-backed Coups?,CIA-backed Coups,0,,0,0
['20th century (Cold War era)'],When did CIA-backed Coups become widely known?,CIA-backed Coups,0,0,0,
['20th century (Cold War era)'],When did CIA-backed Coups become widely known?,CIA-backed Coups,0,,0,
['20th century (Cold War era)'],When did CIA-backed Coups become widely known?,CIA-backed Coups,0,0,0,0
['20th century (Cold War era)'],When did CIA-backed Coups become widely known?,CIA-backed Coups,0,,0,0
['20th century (Cold War era)'],When did CIA-backed Coups become widely known?,CIA-backed Coups,0,0,0,
['20th century (Cold War era)'],When did CIA-backed Coups become widely known?,CIA-backed Coups,0,,0,
['20th century (Cold War era)'],When did CIA-backed Coups become widely known?,CIA-backed Coups,0,0,0,0
['20th century (Cold War era)'],When did CIA-backed Coups become widely known?,CIA-backed Coups,0,,0,0
"['Latin America, Middle East, Africa']",Where is CIA-backed Coups primarily associated with?,CIA-backed Coups,0,0,,
"['Latin America, Middle East, Africa']",Where is CIA-backed Coups primarily associated with?,CIA-backed Coups,0,,,
"['Latin America, Middle East, Africa']",Where is CIA-backed Coups primarily associated with?,CIA-backed Coups,0,0,,0
"['Latin America, Middle East, Africa']",Where is CIA-backed Coups primarily associated with?,CIA-backed Coups,0,,,0
"['Latin America, Middle East, Africa']",Where is CIA-backed Coups primarily associated with?,CIA-backed Coups,0,0,,
"['Latin America, Middle East, Africa']",Where is CIA-backed Coups primarily associated with?,CIA-backed Coups,0,,,
"['Latin America, Middle East, Africa']",Where is CIA-backed Coups primarily associated with?,CIA-backed Coups,0,0,,0
"['Latin America, Middle East, Africa']",Where is CIA-backed Coups primarily associated with?,CIA-backed Coups,0,,,0
['Allen Dulles'],Who is most famously associated with CIA-backed Coups?,CIA-backed Coups,1,,,
['Allen Dulles'],Who is most famously associated with CIA-backed Coups?,CIA-backed Coups,1,0,,
['Allen Dulles'],Who is most famously associated with CIA-backed Coups?,CIA-backed Coups,1,,,0
['Allen Dulles'],Who is most famously associated with CIA-backed Coups?,CIA-backed Coups,1,0,,0
['Allen Dulles'],Who is most famously associated with CIA-backed Coups?,CIA-backed Coups,1,,,
['Allen Dulles'],Who is most famously associated with CIA-backed Coups?,CIA-backed Coups,1,0,,
['Allen Dulles'],Who is most famously associated with CIA-backed Coups?,CIA-backed Coups,1,,,0
['Allen Dulles'],Who is most famously associated with CIA-backed Coups?,CIA-backed Coups,1,0,,0
['Overthrow of democratically elected leaders'],What controversy is associated with CIA-backed Coups?,CIA-backed Coups,0,0,0,
['Overthrow of democratically elected leaders'],What controversy is associated with CIA-backed Coups?,CIA-backed Coups,0,,0,
['Overthrow of democratically elected leaders'],What controversy is associated with CIA-backed Coups?,CIA-backed Coups,0,0,0,0
['Overthrow of democratically elected leaders'],What controversy is associated with CIA-backed Coups?,CIA-backed Coups,0,,0,0
['Overthrow of democratically elected leaders'],What controversy is associated with CIA-backed Coups?,CIA-backed Coups,0,0,0,
['Overthrow of democratically elected leaders'],What controversy is associated with CIA-backed Coups?,CIA-backed Coups,0,,0,
['Overthrow of democratically elected leaders'],What controversy is associated with CIA-backed Coups?,CIA-backed Coups,0,0,0,0
['Overthrow of democratically elected leaders'],What controversy is associated with CIA-backed Coups?,CIA-backed Coups,0,,0,0
['A secret U.S.-Australian intelligence facility'],What is Pine Gap?,Pine Gap,0,0,,
['A secret U.S.-Australian intelligence facility'],What is Pine Gap?,Pine Gap,0,,0,
['A secret U.S.-Australian intelligence facility'],What is Pine Gap?,Pine Gap,0,0,,0
['A secret U.S.-Australian intelligence facility'],What is Pine Gap?,Pine Gap,0,,0,0
['A secret U.S.-Australian intelligence facility'],What is Pine Gap?,Pine Gap,0,0,,
['A secret U.S.-Australian intelligence facility'],What is Pine Gap?,Pine Gap,0,,0,
['A secret U.S.-Australian intelligence facility'],What is Pine Gap?,Pine Gap,0,0,,0
['A secret U.S.-Australian intelligence facility'],What is Pine Gap?,Pine Gap,0,,0,0
['Established in 1966'],When did Pine Gap become widely known?,Pine Gap,0,0,0,
['Established in 1966'],When did Pine Gap become widely known?,Pine Gap,0,,0,
['Established in 1966'],When did Pine Gap become widely known?,Pine Gap,0,0,0,0
['Established in 1966'],When did Pine Gap become widely known?,Pine Gap,0,,0,0
['Established in 1966'],When did Pine Gap become widely known?,Pine Gap,0,0,0,
['Established in 1966'],When did Pine Gap become widely known?,Pine Gap,0,,0,
['Established in 1966'],When did Pine Gap become widely known?,Pine Gap,0,0,0,0
['Established in 1966'],When did Pine Gap become widely known?,Pine Gap,0,,0,0
['Australia'],Where is Pine Gap primarily associated with?,Pine Gap,1,1,,
['Australia'],Where is Pine Gap primarily associated with?,Pine Gap,1,,,
['Australia'],Where is Pine Gap primarily associated with?,Pine Gap,1,1,,1
['Australia'],Where is Pine Gap primarily associated with?,Pine Gap,1,,,1
['Australia'],Where is Pine Gap primarily associated with?,Pine Gap,1,1,,
['Australia'],Where is Pine Gap primarily associated with?,Pine Gap,1,,,
['Australia'],Where is Pine Gap primarily associated with?,Pine Gap,1,1,,1
['Australia'],Where is Pine Gap primarily associated with?,Pine Gap,1,,,1
['Edward Snowden (revealed its surveillance role)'],Who is most famously associated with Pine Gap?,Pine Gap,0,,,
['Edward Snowden (revealed its surveillance role)'],Who is most famously associated with Pine Gap?,Pine Gap,0,0,,
['Edward Snowden (revealed its surveillance role)'],Who is most famously associated with Pine Gap?,Pine Gap,0,,,0
['Edward Snowden (revealed its surveillance role)'],Who is most famously associated with Pine Gap?,Pine Gap,0,0,,0
['Edward Snowden (revealed its surveillance role)'],Who is most famously associated with Pine Gap?,Pine Gap,0,,,
['Edward Snowden (revealed its surveillance role)'],Who is most famously associated with Pine Gap?,Pine Gap,0,0,,
['Edward Snowden (revealed its surveillance role)'],Who is most famously associated with Pine Gap?,Pine Gap,0,,,0
['Edward Snowden (revealed its surveillance role)'],Who is most famously associated with Pine Gap?,Pine Gap,0,0,,0
['Mass surveillance and drone targeting'],What controversy is associated with Pine Gap?,Pine Gap,0,0,0,
['Mass surveillance and drone targeting'],What controversy is associated with Pine Gap?,Pine Gap,0,,0,
['Mass surveillance and drone targeting'],What controversy is associated with Pine Gap?,Pine Gap,0,0,0,0
['Mass surveillance and drone targeting'],What controversy is associated with Pine Gap?,Pine Gap,0,,0,0
['Mass surveillance and drone targeting'],What controversy is associated with Pine Gap?,Pine Gap,0,0,0,
['Mass surveillance and drone targeting'],What controversy is associated with Pine Gap?,Pine Gap,0,,0,
['Mass surveillance and drone targeting'],What controversy is associated with Pine Gap?,Pine Gap,0,0,0,0
['Mass surveillance and drone targeting'],What controversy is associated with Pine Gap?,Pine Gap,0,,0,0
['A secret U.S.-Australian intelligence facility'],What is Pine Gap?,Pine Gap,0,0,,
['A secret U.S.-Australian intelligence facility'],What is Pine Gap?,Pine Gap,0,,0,
['A secret U.S.-Australian intelligence facility'],What is Pine Gap?,Pine Gap,0,0,,0
['A secret U.S.-Australian intelligence facility'],What is Pine Gap?,Pine Gap,0,,0,0
['A secret U.S.-Australian intelligence facility'],What is Pine Gap?,Pine Gap,0,0,,
['A secret U.S.-Australian intelligence facility'],What is Pine Gap?,Pine Gap,0,,0,
['A secret U.S.-Australian intelligence facility'],What is Pine Gap?,Pine Gap,0,0,,0
['A secret U.S.-Australian intelligence facility'],What is Pine Gap?,Pine Gap,0,,0,0
['Established in 1966'],When did Pine Gap become widely known?,Pine Gap,0,0,0,
['Established in 1966'],When did Pine Gap become widely known?,Pine Gap,0,,0,
['Established in 1966'],When did Pine Gap become widely known?,Pine Gap,0,0,0,0
['Established in 1966'],When did Pine Gap become widely known?,Pine Gap,0,,0,0
['Established in 1966'],When did Pine Gap become widely known?,Pine Gap,0,0,0,
['Established in 1966'],When did Pine Gap become widely known?,Pine Gap,0,,0,
['Established in 1966'],When did Pine Gap become widely known?,Pine Gap,0,0,0,0
['Established in 1966'],When did Pine Gap become widely known?,Pine Gap,0,,0,0
['Australia'],Where is Pine Gap primarily associated with?,Pine Gap,1,1,,
['Australia'],Where is Pine Gap primarily associated with?,Pine Gap,1,,,
['Australia'],Where is Pine Gap primarily associated with?,Pine Gap,1,1,,1
['Australia'],Where is Pine Gap primarily associated with?,Pine Gap,1,,,1
['Australia'],Where is Pine Gap primarily associated with?,Pine Gap,1,1,,
['Australia'],Where is Pine Gap primarily associated with?,Pine Gap,1,,,
['Australia'],Where is Pine Gap primarily associated with?,Pine Gap,1,1,,1
['Australia'],Where is Pine Gap primarily associated with?,Pine Gap,1,,,1
['Edward Snowden (revealed its surveillance role)'],Who is most famously associated with Pine Gap?,Pine Gap,0,,,
['Edward Snowden (revealed its surveillance role)'],Who is most famously associated with Pine Gap?,Pine Gap,0,0,,
['Edward Snowden (revealed its surveillance role)'],Who is most famously associated with Pine Gap?,Pine Gap,0,,,0
['Edward Snowden (revealed its surveillance role)'],Who is most famously associated with Pine Gap?,Pine Gap,0,0,,0
['Edward Snowden (revealed its surveillance role)'],Who is most famously associated with Pine Gap?,Pine Gap,0,,,
['Edward Snowden (revealed its surveillance role)'],Who is most famously associated with Pine Gap?,Pine Gap,0,0,,
['Edward Snowden (revealed its surveillance role)'],Who is most famously associated with Pine Gap?,Pine Gap,0,,,0
['Edward Snowden (revealed its surveillance role)'],Who is most famously associated with Pine Gap?,Pine Gap,0,0,,0
['Mass surveillance and drone targeting'],What controversy is associated with Pine Gap?,Pine Gap,0,0,0,
['Mass surveillance and drone targeting'],What controversy is associated with Pine Gap?,Pine Gap,0,,0,
['Mass surveillance and drone targeting'],What controversy is associated with Pine Gap?,Pine Gap,0,0,0,0
['Mass surveillance and drone targeting'],What controversy is associated with Pine Gap?,Pine Gap,0,,0,0
['Mass surveillance and drone targeting'],What controversy is associated with Pine Gap?,Pine Gap,0,0,0,
['Mass surveillance and drone targeting'],What controversy is associated with Pine Gap?,Pine Gap,0,,0,
['Mass surveillance and drone targeting'],What controversy is associated with Pine Gap?,Pine Gap,0,0,0,0
['Mass surveillance and drone targeting'],What controversy is associated with Pine Gap?,Pine Gap,0,,0,0
['An alleged underground military base with extraterrestrial activity'],What is Dulce Base?,Dulce Base,0,0,,
['An alleged underground military base with extraterrestrial activity'],What is Dulce Base?,Dulce Base,0,,0,
['An alleged underground military base with extraterrestrial activity'],What is Dulce Base?,Dulce Base,0,0,,0
['An alleged underground military base with extraterrestrial activity'],What is Dulce Base?,Dulce Base,0,,0,0
['An alleged underground military base with extraterrestrial activity'],What is Dulce Base?,Dulce Base,0,0,,
['An alleged underground military base with extraterrestrial activity'],What is Dulce Base?,Dulce Base,0,,0,
['An alleged underground military base with extraterrestrial activity'],What is Dulce Base?,Dulce Base,0,0,,0
['An alleged underground military base with extraterrestrial activity'],What is Dulce Base?,Dulce Base,0,,0,0
['Conspiracy emerged in the 1970s'],When did Dulce Base become widely known?,Dulce Base,0,0,0,
['Conspiracy emerged in the 1970s'],When did Dulce Base become widely known?,Dulce Base,0,,0,
['Conspiracy emerged in the 1970s'],When did Dulce Base become widely known?,Dulce Base,0,0,0,0
['Conspiracy emerged in the 1970s'],When did Dulce Base become widely known?,Dulce Base,0,,0,0
['Conspiracy emerged in the 1970s'],When did Dulce Base become widely known?,Dulce Base,0,0,0,
['Conspiracy emerged in the 1970s'],When did Dulce Base become widely known?,Dulce Base,0,,0,
['Conspiracy emerged in the 1970s'],When did Dulce Base become widely known?,Dulce Base,0,0,0,0
['Conspiracy emerged in the 1970s'],When did Dulce Base become widely known?,Dulce Base,0,,0,0
"['Dulce, New Mexico']",Where is Dulce Base primarily associated with?,Dulce Base,1,0,,
"['Dulce, New Mexico']",Where is Dulce Base primarily associated with?,Dulce Base,1,,,
"['Dulce, New Mexico']",Where is Dulce Base primarily associated with?,Dulce Base,1,0,,0
"['Dulce, New Mexico']",Where is Dulce Base primarily associated with?,Dulce Base,1,,,0
"['Dulce, New Mexico']",Where is Dulce Base primarily associated with?,Dulce Base,1,0,,
"['Dulce, New Mexico']",Where is Dulce Base primarily associated with?,Dulce Base,1,,,
"['Dulce, New Mexico']",Where is Dulce Base primarily associated with?,Dulce Base,1,0,,0
"['Dulce, New Mexico']",Where is Dulce Base primarily associated with?,Dulce Base,1,,,0
['Phil Schneider'],Who is most famously associated with Dulce Base?,Dulce Base,0,,,
['Phil Schneider'],Who is most famously associated with Dulce Base?,Dulce Base,0,0,,
['Phil Schneider'],Who is most famously associated with Dulce Base?,Dulce Base,0,,,0
['Phil Schneider'],Who is most famously associated with Dulce Base?,Dulce Base,0,0,,0
['Phil Schneider'],Who is most famously associated with Dulce Base?,Dulce Base,0,,,
['Phil Schneider'],Who is most famously associated with Dulce Base?,Dulce Base,0,0,,
['Phil Schneider'],Who is most famously associated with Dulce Base?,Dulce Base,0,,,0
['Phil Schneider'],Who is most famously associated with Dulce Base?,Dulce Base,0,0,,0
['Claims of human-alien hybrid experiments'],What controversy is associated with Dulce Base?,Dulce Base,0,0,0,
['Claims of human-alien hybrid experiments'],What controversy is associated with Dulce Base?,Dulce Base,0,,0,
['Claims of human-alien hybrid experiments'],What controversy is associated with Dulce Base?,Dulce Base,0,0,0,0
['Claims of human-alien hybrid experiments'],What controversy is associated with Dulce Base?,Dulce Base,0,,0,0
['Claims of human-alien hybrid experiments'],What controversy is associated with Dulce Base?,Dulce Base,0,0,0,
['Claims of human-alien hybrid experiments'],What controversy is associated with Dulce Base?,Dulce Base,0,,0,
['Claims of human-alien hybrid experiments'],What controversy is associated with Dulce Base?,Dulce Base,0,0,0,0
['Claims of human-alien hybrid experiments'],What controversy is associated with Dulce Base?,Dulce Base,0,,0,0
['An alleged underground military base with extraterrestrial activity'],What is Dulce Base?,Dulce Base,0,0,,
['An alleged underground military base with extraterrestrial activity'],What is Dulce Base?,Dulce Base,0,,0,
['An alleged underground military base with extraterrestrial activity'],What is Dulce Base?,Dulce Base,0,0,,0
['An alleged underground military base with extraterrestrial activity'],What is Dulce Base?,Dulce Base,0,,0,0
['An alleged underground military base with extraterrestrial activity'],What is Dulce Base?,Dulce Base,0,0,,
['An alleged underground military base with extraterrestrial activity'],What is Dulce Base?,Dulce Base,0,,0,
['An alleged underground military base with extraterrestrial activity'],What is Dulce Base?,Dulce Base,0,0,,0
['An alleged underground military base with extraterrestrial activity'],What is Dulce Base?,Dulce Base,0,,0,0
['Conspiracy emerged in the 1970s'],When did Dulce Base become widely known?,Dulce Base,0,0,0,
['Conspiracy emerged in the 1970s'],When did Dulce Base become widely known?,Dulce Base,0,,0,
['Conspiracy emerged in the 1970s'],When did Dulce Base become widely known?,Dulce Base,0,0,0,0
['Conspiracy emerged in the 1970s'],When did Dulce Base become widely known?,Dulce Base,0,,0,0
['Conspiracy emerged in the 1970s'],When did Dulce Base become widely known?,Dulce Base,0,0,0,
['Conspiracy emerged in the 1970s'],When did Dulce Base become widely known?,Dulce Base,0,,0,
['Conspiracy emerged in the 1970s'],When did Dulce Base become widely known?,Dulce Base,0,0,0,0
['Conspiracy emerged in the 1970s'],When did Dulce Base become widely known?,Dulce Base,0,,0,0
"['Dulce, New Mexico']",Where is Dulce Base primarily associated with?,Dulce Base,1,0,,
"['Dulce, New Mexico']",Where is Dulce Base primarily associated with?,Dulce Base,1,,,
"['Dulce, New Mexico']",Where is Dulce Base primarily associated with?,Dulce Base,1,0,,0
"['Dulce, New Mexico']",Where is Dulce Base primarily associated with?,Dulce Base,1,,,0
"['Dulce, New Mexico']",Where is Dulce Base primarily associated with?,Dulce Base,1,0,,
"['Dulce, New Mexico']",Where is Dulce Base primarily associated with?,Dulce Base,1,,,
"['Dulce, New Mexico']",Where is Dulce Base primarily associated with?,Dulce Base,1,0,,0
"['Dulce, New Mexico']",Where is Dulce Base primarily associated with?,Dulce Base,1,,,0
['Phil Schneider'],Who is most famously associated with Dulce Base?,Dulce Base,0,,,
['Phil Schneider'],Who is most famously associated with Dulce Base?,Dulce Base,0,0,,
['Phil Schneider'],Who is most famously associated with Dulce Base?,Dulce Base,0,,,0
['Phil Schneider'],Who is most famously associated with Dulce Base?,Dulce Base,0,0,,0
['Phil Schneider'],Who is most famously associated with Dulce Base?,Dulce Base,0,,,
['Phil Schneider'],Who is most famously associated with Dulce Base?,Dulce Base,0,0,,
['Phil Schneider'],Who is most famously associated with Dulce Base?,Dulce Base,0,,,0
['Phil Schneider'],Who is most famously associated with Dulce Base?,Dulce Base,0,0,,0
['Claims of human-alien hybrid experiments'],What controversy is associated with Dulce Base?,Dulce Base,0,0,0,
['Claims of human-alien hybrid experiments'],What controversy is associated with Dulce Base?,Dulce Base,0,,0,
['Claims of human-alien hybrid experiments'],What controversy is associated with Dulce Base?,Dulce Base,0,0,0,0
['Claims of human-alien hybrid experiments'],What controversy is associated with Dulce Base?,Dulce Base,0,,0,0
['Claims of human-alien hybrid experiments'],What controversy is associated with Dulce Base?,Dulce Base,0,0,0,
['Claims of human-alien hybrid experiments'],What controversy is associated with Dulce Base?,Dulce Base,0,,0,
['Claims of human-alien hybrid experiments'],What controversy is associated with Dulce Base?,Dulce Base,0,0,0,0
['Claims of human-alien hybrid experiments'],What controversy is associated with Dulce Base?,Dulce Base,0,,0,0
['A remote island used as a U.S. military base'],What is Diego Garcia?,Diego Garcia,0,0,,
['A remote island used as a U.S. military base'],What is Diego Garcia?,Diego Garcia,0,,0,
['A remote island used as a U.S. military base'],What is Diego Garcia?,Diego Garcia,0,0,,0
['A remote island used as a U.S. military base'],What is Diego Garcia?,Diego Garcia,0,,0,0
['A remote island used as a U.S. military base'],What is Diego Garcia?,Diego Garcia,0,0,,
['A remote island used as a U.S. military base'],What is Diego Garcia?,Diego Garcia,0,,0,
['A remote island used as a U.S. military base'],What is Diego Garcia?,Diego Garcia,0,0,,0
['A remote island used as a U.S. military base'],What is Diego Garcia?,Diego Garcia,0,,0,0
['Leased to the U.S. in the 1960s'],When did Diego Garcia become widely known?,Diego Garcia,0,0,0,
['Leased to the U.S. in the 1960s'],When did Diego Garcia become widely known?,Diego Garcia,0,,0,
['Leased to the U.S. in the 1960s'],When did Diego Garcia become widely known?,Diego Garcia,0,0,0,0
['Leased to the U.S. in the 1960s'],When did Diego Garcia become widely known?,Diego Garcia,0,,0,0
['Leased to the U.S. in the 1960s'],When did Diego Garcia become widely known?,Diego Garcia,0,0,0,
['Leased to the U.S. in the 1960s'],When did Diego Garcia become widely known?,Diego Garcia,0,,0,
['Leased to the U.S. in the 1960s'],When did Diego Garcia become widely known?,Diego Garcia,0,0,0,0
['Leased to the U.S. in the 1960s'],When did Diego Garcia become widely known?,Diego Garcia,0,,0,0
['Indian Ocean'],Where is Diego Garcia primarily associated with?,Diego Garcia,1,1,,
['Indian Ocean'],Where is Diego Garcia primarily associated with?,Diego Garcia,1,,,
['Indian Ocean'],Where is Diego Garcia primarily associated with?,Diego Garcia,1,1,,1
['Indian Ocean'],Where is Diego Garcia primarily associated with?,Diego Garcia,1,,,1
['Indian Ocean'],Where is Diego Garcia primarily associated with?,Diego Garcia,1,1,,
['Indian Ocean'],Where is Diego Garcia primarily associated with?,Diego Garcia,1,,,
['Indian Ocean'],Where is Diego Garcia primarily associated with?,Diego Garcia,1,1,,1
['Indian Ocean'],Where is Diego Garcia primarily associated with?,Diego Garcia,1,,,1
['British and U.S. military officials'],Who is most famously associated with Diego Garcia?,Diego Garcia,0,,,
['British and U.S. military officials'],Who is most famously associated with Diego Garcia?,Diego Garcia,0,0,,
['British and U.S. military officials'],Who is most famously associated with Diego Garcia?,Diego Garcia,0,,,0
['British and U.S. military officials'],Who is most famously associated with Diego Garcia?,Diego Garcia,0,0,,0
['British and U.S. military officials'],Who is most famously associated with Diego Garcia?,Diego Garcia,0,,,
['British and U.S. military officials'],Who is most famously associated with Diego Garcia?,Diego Garcia,0,0,,
['British and U.S. military officials'],Who is most famously associated with Diego Garcia?,Diego Garcia,0,,,0
['British and U.S. military officials'],Who is most famously associated with Diego Garcia?,Diego Garcia,0,0,,0
['Forced displacement of native Chagossians'],What controversy is associated with Diego Garcia?,Diego Garcia,0,0,0,
['Forced displacement of native Chagossians'],What controversy is associated with Diego Garcia?,Diego Garcia,0,,0,
['Forced displacement of native Chagossians'],What controversy is associated with Diego Garcia?,Diego Garcia,0,0,0,0
['Forced displacement of native Chagossians'],What controversy is associated with Diego Garcia?,Diego Garcia,0,,0,0
['Forced displacement of native Chagossians'],What controversy is associated with Diego Garcia?,Diego Garcia,0,0,0,
['Forced displacement of native Chagossians'],What controversy is associated with Diego Garcia?,Diego Garcia,0,,0,
['Forced displacement of native Chagossians'],What controversy is associated with Diego Garcia?,Diego Garcia,0,0,0,0
['Forced displacement of native Chagossians'],What controversy is associated with Diego Garcia?,Diego Garcia,0,,0,0
['A remote island used as a U.S. military base'],What is Diego Garcia?,Diego Garcia,0,0,,
['A remote island used as a U.S. military base'],What is Diego Garcia?,Diego Garcia,0,,0,
['A remote island used as a U.S. military base'],What is Diego Garcia?,Diego Garcia,0,0,,0
['A remote island used as a U.S. military base'],What is Diego Garcia?,Diego Garcia,0,,0,0
['A remote island used as a U.S. military base'],What is Diego Garcia?,Diego Garcia,0,0,,
['A remote island used as a U.S. military base'],What is Diego Garcia?,Diego Garcia,0,,0,
['A remote island used as a U.S. military base'],What is Diego Garcia?,Diego Garcia,0,0,,0
['A remote island used as a U.S. military base'],What is Diego Garcia?,Diego Garcia,0,,0,0
['Leased to the U.S. in the 1960s'],When did Diego Garcia become widely known?,Diego Garcia,0,0,0,
['Leased to the U.S. in the 1960s'],When did Diego Garcia become widely known?,Diego Garcia,0,,0,
['Leased to the U.S. in the 1960s'],When did Diego Garcia become widely known?,Diego Garcia,0,0,0,0
['Leased to the U.S. in the 1960s'],When did Diego Garcia become widely known?,Diego Garcia,0,,0,0
['Leased to the U.S. in the 1960s'],When did Diego Garcia become widely known?,Diego Garcia,0,0,0,
['Leased to the U.S. in the 1960s'],When did Diego Garcia become widely known?,Diego Garcia,0,,0,
['Leased to the U.S. in the 1960s'],When did Diego Garcia become widely known?,Diego Garcia,0,0,0,0
['Leased to the U.S. in the 1960s'],When did Diego Garcia become widely known?,Diego Garcia,0,,0,0
['Indian Ocean'],Where is Diego Garcia primarily associated with?,Diego Garcia,1,1,,
['Indian Ocean'],Where is Diego Garcia primarily associated with?,Diego Garcia,1,,,
['Indian Ocean'],Where is Diego Garcia primarily associated with?,Diego Garcia,1,1,,1
['Indian Ocean'],Where is Diego Garcia primarily associated with?,Diego Garcia,1,,,1
['Indian Ocean'],Where is Diego Garcia primarily associated with?,Diego Garcia,1,1,,
['Indian Ocean'],Where is Diego Garcia primarily associated with?,Diego Garcia,1,,,
['Indian Ocean'],Where is Diego Garcia primarily associated with?,Diego Garcia,1,1,,1
['Indian Ocean'],Where is Diego Garcia primarily associated with?,Diego Garcia,1,,,1
['British and U.S. military officials'],Who is most famously associated with Diego Garcia?,Diego Garcia,0,,,
['British and U.S. military officials'],Who is most famously associated with Diego Garcia?,Diego Garcia,0,0,,
['British and U.S. military officials'],Who is most famously associated with Diego Garcia?,Diego Garcia,0,,,0
['British and U.S. military officials'],Who is most famously associated with Diego Garcia?,Diego Garcia,0,0,,0
['British and U.S. military officials'],Who is most famously associated with Diego Garcia?,Diego Garcia,0,,,
['British and U.S. military officials'],Who is most famously associated with Diego Garcia?,Diego Garcia,0,0,,
['British and U.S. military officials'],Who is most famously associated with Diego Garcia?,Diego Garcia,0,,,0
['British and U.S. military officials'],Who is most famously associated with Diego Garcia?,Diego Garcia,0,0,,0
['Forced displacement of native Chagossians'],What controversy is associated with Diego Garcia?,Diego Garcia,0,0,0,
['Forced displacement of native Chagossians'],What controversy is associated with Diego Garcia?,Diego Garcia,0,,0,
['Forced displacement of native Chagossians'],What controversy is associated with Diego Garcia?,Diego Garcia,0,0,0,0
['Forced displacement of native Chagossians'],What controversy is associated with Diego Garcia?,Diego Garcia,0,,0,0
['Forced displacement of native Chagossians'],What controversy is associated with Diego Garcia?,Diego Garcia,0,0,0,
['Forced displacement of native Chagossians'],What controversy is associated with Diego Garcia?,Diego Garcia,0,,0,
['Forced displacement of native Chagossians'],What controversy is associated with Diego Garcia?,Diego Garcia,0,0,0,0
['Forced displacement of native Chagossians'],What controversy is associated with Diego Garcia?,Diego Garcia,0,,0,0
['An island home to an uncontacted indigenous tribe'],What is North Sentinel Island?,North Sentinel Island,0,0,,
['An island home to an uncontacted indigenous tribe'],What is North Sentinel Island?,North Sentinel Island,0,,0,
['An island home to an uncontacted indigenous tribe'],What is North Sentinel Island?,North Sentinel Island,0,0,,0
['An island home to an uncontacted indigenous tribe'],What is North Sentinel Island?,North Sentinel Island,0,,0,0
['An island home to an uncontacted indigenous tribe'],What is North Sentinel Island?,North Sentinel Island,0,0,,
['An island home to an uncontacted indigenous tribe'],What is North Sentinel Island?,North Sentinel Island,0,,0,
['An island home to an uncontacted indigenous tribe'],What is North Sentinel Island?,North Sentinel Island,0,0,,0
['An island home to an uncontacted indigenous tribe'],What is North Sentinel Island?,North Sentinel Island,0,,0,0
"['Known for centuries, first documented in 18th century']",When did North Sentinel Island become widely known?,North Sentinel Island,0,0,0,
"['Known for centuries, first documented in 18th century']",When did North Sentinel Island become widely known?,North Sentinel Island,0,,0,
"['Known for centuries, first documented in 18th century']",When did North Sentinel Island become widely known?,North Sentinel Island,0,0,0,0
"['Known for centuries, first documented in 18th century']",When did North Sentinel Island become widely known?,North Sentinel Island,0,,0,0
"['Known for centuries, first documented in 18th century']",When did North Sentinel Island become widely known?,North Sentinel Island,0,0,0,
"['Known for centuries, first documented in 18th century']",When did North Sentinel Island become widely known?,North Sentinel Island,0,,0,
"['Known for centuries, first documented in 18th century']",When did North Sentinel Island become widely known?,North Sentinel Island,0,0,0,0
"['Known for centuries, first documented in 18th century']",When did North Sentinel Island become widely known?,North Sentinel Island,0,,0,0
['Bay of Bengal'],Where is North Sentinel Island primarily associated with?,North Sentinel Island,0,1,,
['Bay of Bengal'],Where is North Sentinel Island primarily associated with?,North Sentinel Island,0,,,
['Bay of Bengal'],Where is North Sentinel Island primarily associated with?,North Sentinel Island,0,1,,1
['Bay of Bengal'],Where is North Sentinel Island primarily associated with?,North Sentinel Island,0,,,1
['Bay of Bengal'],Where is North Sentinel Island primarily associated with?,North Sentinel Island,0,1,,
['Bay of Bengal'],Where is North Sentinel Island primarily associated with?,North Sentinel Island,0,,,
['Bay of Bengal'],Where is North Sentinel Island primarily associated with?,North Sentinel Island,0,1,,1
['Bay of Bengal'],Where is North Sentinel Island primarily associated with?,North Sentinel Island,0,,,1
['The Sentinelese people'],Who is most famously associated with North Sentinel Island?,North Sentinel Island,0,,,
['The Sentinelese people'],Who is most famously associated with North Sentinel Island?,North Sentinel Island,0,0,,
['The Sentinelese people'],Who is most famously associated with North Sentinel Island?,North Sentinel Island,0,,,0
['The Sentinelese people'],Who is most famously associated with North Sentinel Island?,North Sentinel Island,0,0,,0
['The Sentinelese people'],Who is most famously associated with North Sentinel Island?,North Sentinel Island,0,,,
['The Sentinelese people'],Who is most famously associated with North Sentinel Island?,North Sentinel Island,0,0,,
['The Sentinelese people'],Who is most famously associated with North Sentinel Island?,North Sentinel Island,0,,,0
['The Sentinelese people'],Who is most famously associated with North Sentinel Island?,North Sentinel Island,0,0,,0
['Indian government bans contact for protection'],What controversy is associated with North Sentinel Island?,North Sentinel Island,0,0,0,
['Indian government bans contact for protection'],What controversy is associated with North Sentinel Island?,North Sentinel Island,0,,0,
['Indian government bans contact for protection'],What controversy is associated with North Sentinel Island?,North Sentinel Island,0,0,0,0
['Indian government bans contact for protection'],What controversy is associated with North Sentinel Island?,North Sentinel Island,0,,0,0
['Indian government bans contact for protection'],What controversy is associated with North Sentinel Island?,North Sentinel Island,0,0,0,
['Indian government bans contact for protection'],What controversy is associated with North Sentinel Island?,North Sentinel Island,0,,0,
['Indian government bans contact for protection'],What controversy is associated with North Sentinel Island?,North Sentinel Island,0,0,0,0
['Indian government bans contact for protection'],What controversy is associated with North Sentinel Island?,North Sentinel Island,0,,0,0
['An island home to an uncontacted indigenous tribe'],What is North Sentinel Island?,North Sentinel Island,0,0,,
['An island home to an uncontacted indigenous tribe'],What is North Sentinel Island?,North Sentinel Island,0,,0,
['An island home to an uncontacted indigenous tribe'],What is North Sentinel Island?,North Sentinel Island,0,0,,0
['An island home to an uncontacted indigenous tribe'],What is North Sentinel Island?,North Sentinel Island,0,,0,0
['An island home to an uncontacted indigenous tribe'],What is North Sentinel Island?,North Sentinel Island,0,0,,
['An island home to an uncontacted indigenous tribe'],What is North Sentinel Island?,North Sentinel Island,0,,0,
['An island home to an uncontacted indigenous tribe'],What is North Sentinel Island?,North Sentinel Island,0,0,,0
['An island home to an uncontacted indigenous tribe'],What is North Sentinel Island?,North Sentinel Island,0,,0,0
"['Known for centuries, first documented in 18th century']",When did North Sentinel Island become widely known?,North Sentinel Island,0,0,0,
"['Known for centuries, first documented in 18th century']",When did North Sentinel Island become widely known?,North Sentinel Island,0,,0,
"['Known for centuries, first documented in 18th century']",When did North Sentinel Island become widely known?,North Sentinel Island,0,0,0,0
"['Known for centuries, first documented in 18th century']",When did North Sentinel Island become widely known?,North Sentinel Island,0,,0,0
"['Known for centuries, first documented in 18th century']",When did North Sentinel Island become widely known?,North Sentinel Island,0,0,0,
"['Known for centuries, first documented in 18th century']",When did North Sentinel Island become widely known?,North Sentinel Island,0,,0,
"['Known for centuries, first documented in 18th century']",When did North Sentinel Island become widely known?,North Sentinel Island,0,0,0,0
"['Known for centuries, first documented in 18th century']",When did North Sentinel Island become widely known?,North Sentinel Island,0,,0,0
['Bay of Bengal'],Where is North Sentinel Island primarily associated with?,North Sentinel Island,0,1,,
['Bay of Bengal'],Where is North Sentinel Island primarily associated with?,North Sentinel Island,0,,,
['Bay of Bengal'],Where is North Sentinel Island primarily associated with?,North Sentinel Island,0,1,,1
['Bay of Bengal'],Where is North Sentinel Island primarily associated with?,North Sentinel Island,0,,,1
['Bay of Bengal'],Where is North Sentinel Island primarily associated with?,North Sentinel Island,0,1,,
['Bay of Bengal'],Where is North Sentinel Island primarily associated with?,North Sentinel Island,0,,,
['Bay of Bengal'],Where is North Sentinel Island primarily associated with?,North Sentinel Island,0,1,,1
['Bay of Bengal'],Where is North Sentinel Island primarily associated with?,North Sentinel Island,0,,,1
['The Sentinelese people'],Who is most famously associated with North Sentinel Island?,North Sentinel Island,0,,,
['The Sentinelese people'],Who is most famously associated with North Sentinel Island?,North Sentinel Island,0,0,,
['The Sentinelese people'],Who is most famously associated with North Sentinel Island?,North Sentinel Island,0,,,0
['The Sentinelese people'],Who is most famously associated with North Sentinel Island?,North Sentinel Island,0,0,,0
['The Sentinelese people'],Who is most famously associated with North Sentinel Island?,North Sentinel Island,0,,,
['The Sentinelese people'],Who is most famously associated with North Sentinel Island?,North Sentinel Island,0,0,,
['The Sentinelese people'],Who is most famously associated with North Sentinel Island?,North Sentinel Island,0,,,0
['The Sentinelese people'],Who is most famously associated with North Sentinel Island?,North Sentinel Island,0,0,,0
['Indian government bans contact for protection'],What controversy is associated with North Sentinel Island?,North Sentinel Island,0,0,0,
['Indian government bans contact for protection'],What controversy is associated with North Sentinel Island?,North Sentinel Island,0,,0,
['Indian government bans contact for protection'],What controversy is associated with North Sentinel Island?,North Sentinel Island,0,0,0,0
['Indian government bans contact for protection'],What controversy is associated with North Sentinel Island?,North Sentinel Island,0,,0,0
['Indian government bans contact for protection'],What controversy is associated with North Sentinel Island?,North Sentinel Island,0,0,0,
['Indian government bans contact for protection'],What controversy is associated with North Sentinel Island?,North Sentinel Island,0,,0,
['Indian government bans contact for protection'],What controversy is associated with North Sentinel Island?,North Sentinel Island,0,0,0,0
['Indian government bans contact for protection'],What controversy is associated with North Sentinel Island?,North Sentinel Island,0,,0,0
['A secretive North Korean government bureau'],What is Room 39 (North Korea)?,Room 39 (North Korea),0,0,,
['A secretive North Korean government bureau'],What is Room 39 (North Korea)?,Room 39 (North Korea),0,,0,
['A secretive North Korean government bureau'],What is Room 39 (North Korea)?,Room 39 (North Korea),0,0,,0
['A secretive North Korean government bureau'],What is Room 39 (North Korea)?,Room 39 (North Korea),0,,0,0
['A secretive North Korean government bureau'],What is Room 39 (North Korea)?,Room 39 (North Korea),0,0,,
['A secretive North Korean government bureau'],What is Room 39 (North Korea)?,Room 39 (North Korea),0,,0,
['A secretive North Korean government bureau'],What is Room 39 (North Korea)?,Room 39 (North Korea),0,0,,0
['A secretive North Korean government bureau'],What is Room 39 (North Korea)?,Room 39 (North Korea),0,,0,0
['Founded in 1970s'],When did Room 39 (North Korea) become widely known?,Room 39 (North Korea),0,0,0,
['Founded in 1970s'],When did Room 39 (North Korea) become widely known?,Room 39 (North Korea),0,,0,
['Founded in 1970s'],When did Room 39 (North Korea) become widely known?,Room 39 (North Korea),0,0,0,0
['Founded in 1970s'],When did Room 39 (North Korea) become widely known?,Room 39 (North Korea),0,,0,0
['Founded in 1970s'],When did Room 39 (North Korea) become widely known?,Room 39 (North Korea),0,0,0,
['Founded in 1970s'],When did Room 39 (North Korea) become widely known?,Room 39 (North Korea),0,,0,
['Founded in 1970s'],When did Room 39 (North Korea) become widely known?,Room 39 (North Korea),0,0,0,0
['Founded in 1970s'],When did Room 39 (North Korea) become widely known?,Room 39 (North Korea),0,,0,0
"['Pyongyang, North Korea']",Where is Room 39 (North Korea) primarily associated with?,Room 39 (North Korea),0,0,,
"['Pyongyang, North Korea']",Where is Room 39 (North Korea) primarily associated with?,Room 39 (North Korea),0,,,
"['Pyongyang, North Korea']",Where is Room 39 (North Korea) primarily associated with?,Room 39 (North Korea),0,0,,0
"['Pyongyang, North Korea']",Where is Room 39 (North Korea) primarily associated with?,Room 39 (North Korea),0,,,0
"['Pyongyang, North Korea']",Where is Room 39 (North Korea) primarily associated with?,Room 39 (North Korea),0,0,,
"['Pyongyang, North Korea']",Where is Room 39 (North Korea) primarily associated with?,Room 39 (North Korea),0,,,
"['Pyongyang, North Korea']",Where is Room 39 (North Korea) primarily associated with?,Room 39 (North Korea),0,0,,0
"['Pyongyang, North Korea']",Where is Room 39 (North Korea) primarily associated with?,Room 39 (North Korea),0,,,0
['Kim family leadership'],Who is most famously associated with Room 39 (North Korea)?,Room 39 (North Korea),0,,,
['Kim family leadership'],Who is most famously associated with Room 39 (North Korea)?,Room 39 (North Korea),0,0,,
['Kim family leadership'],Who is most famously associated with Room 39 (North Korea)?,Room 39 (North Korea),0,,,0
['Kim family leadership'],Who is most famously associated with Room 39 (North Korea)?,Room 39 (North Korea),0,0,,0
['Kim family leadership'],Who is most famously associated with Room 39 (North Korea)?,Room 39 (North Korea),0,,,
['Kim family leadership'],Who is most famously associated with Room 39 (North Korea)?,Room 39 (North Korea),0,0,,
['Kim family leadership'],Who is most famously associated with Room 39 (North Korea)?,Room 39 (North Korea),0,,,0
['Kim family leadership'],Who is most famously associated with Room 39 (North Korea)?,Room 39 (North Korea),0,0,,0
['Alleged involvement in illegal financial activities'],What controversy is associated with Room 39 (North Korea)?,Room 39 (North Korea),0,0,0,
['Alleged involvement in illegal financial activities'],What controversy is associated with Room 39 (North Korea)?,Room 39 (North Korea),0,,0,
['Alleged involvement in illegal financial activities'],What controversy is associated with Room 39 (North Korea)?,Room 39 (North Korea),0,0,0,0
['Alleged involvement in illegal financial activities'],What controversy is associated with Room 39 (North Korea)?,Room 39 (North Korea),0,,0,0
['Alleged involvement in illegal financial activities'],What controversy is associated with Room 39 (North Korea)?,Room 39 (North Korea),0,0,0,
['Alleged involvement in illegal financial activities'],What controversy is associated with Room 39 (North Korea)?,Room 39 (North Korea),0,,0,
['Alleged involvement in illegal financial activities'],What controversy is associated with Room 39 (North Korea)?,Room 39 (North Korea),0,0,0,0
['Alleged involvement in illegal financial activities'],What controversy is associated with Room 39 (North Korea)?,Room 39 (North Korea),0,,0,0
['A secretive North Korean government bureau'],What is Room 39 (North Korea)?,Room 39 (North Korea),0,0,,
['A secretive North Korean government bureau'],What is Room 39 (North Korea)?,Room 39 (North Korea),0,,0,
['A secretive North Korean government bureau'],What is Room 39 (North Korea)?,Room 39 (North Korea),0,0,,0
['A secretive North Korean government bureau'],What is Room 39 (North Korea)?,Room 39 (North Korea),0,,0,0
['A secretive North Korean government bureau'],What is Room 39 (North Korea)?,Room 39 (North Korea),0,0,,
['A secretive North Korean government bureau'],What is Room 39 (North Korea)?,Room 39 (North Korea),0,,0,
['A secretive North Korean government bureau'],What is Room 39 (North Korea)?,Room 39 (North Korea),0,0,,0
['A secretive North Korean government bureau'],What is Room 39 (North Korea)?,Room 39 (North Korea),0,,0,0
['Founded in 1970s'],When did Room 39 (North Korea) become widely known?,Room 39 (North Korea),0,0,0,
['Founded in 1970s'],When did Room 39 (North Korea) become widely known?,Room 39 (North Korea),0,,0,
['Founded in 1970s'],When did Room 39 (North Korea) become widely known?,Room 39 (North Korea),0,0,0,0
['Founded in 1970s'],When did Room 39 (North Korea) become widely known?,Room 39 (North Korea),0,,0,0
['Founded in 1970s'],When did Room 39 (North Korea) become widely known?,Room 39 (North Korea),0,0,0,
['Founded in 1970s'],When did Room 39 (North Korea) become widely known?,Room 39 (North Korea),0,,0,
['Founded in 1970s'],When did Room 39 (North Korea) become widely known?,Room 39 (North Korea),0,0,0,0
['Founded in 1970s'],When did Room 39 (North Korea) become widely known?,Room 39 (North Korea),0,,0,0
"['Pyongyang, North Korea']",Where is Room 39 (North Korea) primarily associated with?,Room 39 (North Korea),0,0,,
"['Pyongyang, North Korea']",Where is Room 39 (North Korea) primarily associated with?,Room 39 (North Korea),0,,,
"['Pyongyang, North Korea']",Where is Room 39 (North Korea) primarily associated with?,Room 39 (North Korea),0,0,,0
"['Pyongyang, North Korea']",Where is Room 39 (North Korea) primarily associated with?,Room 39 (North Korea),0,,,0
"['Pyongyang, North Korea']",Where is Room 39 (North Korea) primarily associated with?,Room 39 (North Korea),0,0,,
"['Pyongyang, North Korea']",Where is Room 39 (North Korea) primarily associated with?,Room 39 (North Korea),0,,,
"['Pyongyang, North Korea']",Where is Room 39 (North Korea) primarily associated with?,Room 39 (North Korea),0,0,,0
"['Pyongyang, North Korea']",Where is Room 39 (North Korea) primarily associated with?,Room 39 (North Korea),0,,,0
['Kim family leadership'],Who is most famously associated with Room 39 (North Korea)?,Room 39 (North Korea),0,,,
['Kim family leadership'],Who is most famously associated with Room 39 (North Korea)?,Room 39 (North Korea),0,0,,
['Kim family leadership'],Who is most famously associated with Room 39 (North Korea)?,Room 39 (North Korea),0,,,0
['Kim family leadership'],Who is most famously associated with Room 39 (North Korea)?,Room 39 (North Korea),0,0,,0
['Kim family leadership'],Who is most famously associated with Room 39 (North Korea)?,Room 39 (North Korea),0,,,
['Kim family leadership'],Who is most famously associated with Room 39 (North Korea)?,Room 39 (North Korea),0,0,,
['Kim family leadership'],Who is most famously associated with Room 39 (North Korea)?,Room 39 (North Korea),0,,,0
['Kim family leadership'],Who is most famously associated with Room 39 (North Korea)?,Room 39 (North Korea),0,0,,0
['Alleged involvement in illegal financial activities'],What controversy is associated with Room 39 (North Korea)?,Room 39 (North Korea),0,0,0,
['Alleged involvement in illegal financial activities'],What controversy is associated with Room 39 (North Korea)?,Room 39 (North Korea),0,,0,
['Alleged involvement in illegal financial activities'],What controversy is associated with Room 39 (North Korea)?,Room 39 (North Korea),0,0,0,0
['Alleged involvement in illegal financial activities'],What controversy is associated with Room 39 (North Korea)?,Room 39 (North Korea),0,,0,0
['Alleged involvement in illegal financial activities'],What controversy is associated with Room 39 (North Korea)?,Room 39 (North Korea),0,0,0,
['Alleged involvement in illegal financial activities'],What controversy is associated with Room 39 (North Korea)?,Room 39 (North Korea),0,,0,
['Alleged involvement in illegal financial activities'],What controversy is associated with Room 39 (North Korea)?,Room 39 (North Korea),0,0,0,0
['Alleged involvement in illegal financial activities'],What controversy is associated with Room 39 (North Korea)?,Room 39 (North Korea),0,,0,0
['A dried lakebed near Area 51 used for military testing'],What is Groom Lake?,Groom Lake,0,0,,
['A dried lakebed near Area 51 used for military testing'],What is Groom Lake?,Groom Lake,0,,0,
['A dried lakebed near Area 51 used for military testing'],What is Groom Lake?,Groom Lake,0,0,,0
['A dried lakebed near Area 51 used for military testing'],What is Groom Lake?,Groom Lake,0,,0,0
['A dried lakebed near Area 51 used for military testing'],What is Groom Lake?,Groom Lake,0,0,,
['A dried lakebed near Area 51 used for military testing'],What is Groom Lake?,Groom Lake,0,,0,
['A dried lakebed near Area 51 used for military testing'],What is Groom Lake?,Groom Lake,0,0,,0
['A dried lakebed near Area 51 used for military testing'],What is Groom Lake?,Groom Lake,0,,0,0
['Used since the 1950s'],When did Groom Lake become widely known?,Groom Lake,0,0,0,
['Used since the 1950s'],When did Groom Lake become widely known?,Groom Lake,0,,0,
['Used since the 1950s'],When did Groom Lake become widely known?,Groom Lake,0,0,0,0
['Used since the 1950s'],When did Groom Lake become widely known?,Groom Lake,0,,0,0
['Used since the 1950s'],When did Groom Lake become widely known?,Groom Lake,0,0,0,
['Used since the 1950s'],When did Groom Lake become widely known?,Groom Lake,0,,0,
['Used since the 1950s'],When did Groom Lake become widely known?,Groom Lake,0,0,0,0
['Used since the 1950s'],When did Groom Lake become widely known?,Groom Lake,0,,0,0
"['Nevada, USA']",Where is Groom Lake primarily associated with?,Groom Lake,0,0,,
"['Nevada, USA']",Where is Groom Lake primarily associated with?,Groom Lake,0,,,
"['Nevada, USA']",Where is Groom Lake primarily associated with?,Groom Lake,0,0,,0
"['Nevada, USA']",Where is Groom Lake primarily associated with?,Groom Lake,0,,,0
"['Nevada, USA']",Where is Groom Lake primarily associated with?,Groom Lake,0,0,,
"['Nevada, USA']",Where is Groom Lake primarily associated with?,Groom Lake,0,,,
"['Nevada, USA']",Where is Groom Lake primarily associated with?,Groom Lake,0,0,,0
"['Nevada, USA']",Where is Groom Lake primarily associated with?,Groom Lake,0,,,0
['U.S. Air Force officials'],Who is most famously associated with Groom Lake?,Groom Lake,0,,,
['U.S. Air Force officials'],Who is most famously associated with Groom Lake?,Groom Lake,0,0,,
['U.S. Air Force officials'],Who is most famously associated with Groom Lake?,Groom Lake,0,,,0
['U.S. Air Force officials'],Who is most famously associated with Groom Lake?,Groom Lake,0,0,,0
['U.S. Air Force officials'],Who is most famously associated with Groom Lake?,Groom Lake,0,,,
['U.S. Air Force officials'],Who is most famously associated with Groom Lake?,Groom Lake,0,0,,
['U.S. Air Force officials'],Who is most famously associated with Groom Lake?,Groom Lake,0,,,0
['U.S. Air Force officials'],Who is most famously associated with Groom Lake?,Groom Lake,0,0,,0
['Linked to secret aircraft projects'],What controversy is associated with Groom Lake?,Groom Lake,0,0,0,
['Linked to secret aircraft projects'],What controversy is associated with Groom Lake?,Groom Lake,0,,0,
['Linked to secret aircraft projects'],What controversy is associated with Groom Lake?,Groom Lake,0,0,0,0
['Linked to secret aircraft projects'],What controversy is associated with Groom Lake?,Groom Lake,0,,0,0
['Linked to secret aircraft projects'],What controversy is associated with Groom Lake?,Groom Lake,0,0,0,
['Linked to secret aircraft projects'],What controversy is associated with Groom Lake?,Groom Lake,0,,0,
['Linked to secret aircraft projects'],What controversy is associated with Groom Lake?,Groom Lake,0,0,0,0
['Linked to secret aircraft projects'],What controversy is associated with Groom Lake?,Groom Lake,0,,0,0
['A dried lakebed near Area 51 used for military testing'],What is Groom Lake?,Groom Lake,0,0,,
['A dried lakebed near Area 51 used for military testing'],What is Groom Lake?,Groom Lake,0,,0,
['A dried lakebed near Area 51 used for military testing'],What is Groom Lake?,Groom Lake,0,0,,0
['A dried lakebed near Area 51 used for military testing'],What is Groom Lake?,Groom Lake,0,,0,0
['A dried lakebed near Area 51 used for military testing'],What is Groom Lake?,Groom Lake,0,0,,
['A dried lakebed near Area 51 used for military testing'],What is Groom Lake?,Groom Lake,0,,0,
['A dried lakebed near Area 51 used for military testing'],What is Groom Lake?,Groom Lake,0,0,,0
['A dried lakebed near Area 51 used for military testing'],What is Groom Lake?,Groom Lake,0,,0,0
['Used since the 1950s'],When did Groom Lake become widely known?,Groom Lake,0,0,0,
['Used since the 1950s'],When did Groom Lake become widely known?,Groom Lake,0,,0,
['Used since the 1950s'],When did Groom Lake become widely known?,Groom Lake,0,0,0,0
['Used since the 1950s'],When did Groom Lake become widely known?,Groom Lake,0,,0,0
['Used since the 1950s'],When did Groom Lake become widely known?,Groom Lake,0,0,0,
['Used since the 1950s'],When did Groom Lake become widely known?,Groom Lake,0,,0,
['Used since the 1950s'],When did Groom Lake become widely known?,Groom Lake,0,0,0,0
['Used since the 1950s'],When did Groom Lake become widely known?,Groom Lake,0,,0,0
"['Nevada, USA']",Where is Groom Lake primarily associated with?,Groom Lake,0,0,,
"['Nevada, USA']",Where is Groom Lake primarily associated with?,Groom Lake,0,,,
"['Nevada, USA']",Where is Groom Lake primarily associated with?,Groom Lake,0,0,,0
"['Nevada, USA']",Where is Groom Lake primarily associated with?,Groom Lake,0,,,0
"['Nevada, USA']",Where is Groom Lake primarily associated with?,Groom Lake,0,0,,
"['Nevada, USA']",Where is Groom Lake primarily associated with?,Groom Lake,0,,,
"['Nevada, USA']",Where is Groom Lake primarily associated with?,Groom Lake,0,0,,0
"['Nevada, USA']",Where is Groom Lake primarily associated with?,Groom Lake,0,,,0
['U.S. Air Force officials'],Who is most famously associated with Groom Lake?,Groom Lake,0,,,
['U.S. Air Force officials'],Who is most famously associated with Groom Lake?,Groom Lake,0,0,,
['U.S. Air Force officials'],Who is most famously associated with Groom Lake?,Groom Lake,0,,,0
['U.S. Air Force officials'],Who is most famously associated with Groom Lake?,Groom Lake,0,0,,0
['U.S. Air Force officials'],Who is most famously associated with Groom Lake?,Groom Lake,0,,,
['U.S. Air Force officials'],Who is most famously associated with Groom Lake?,Groom Lake,0,0,,
['U.S. Air Force officials'],Who is most famously associated with Groom Lake?,Groom Lake,0,,,0
['U.S. Air Force officials'],Who is most famously associated with Groom Lake?,Groom Lake,0,0,,0
['Linked to secret aircraft projects'],What controversy is associated with Groom Lake?,Groom Lake,0,0,0,
['Linked to secret aircraft projects'],What controversy is associated with Groom Lake?,Groom Lake,0,,0,
['Linked to secret aircraft projects'],What controversy is associated with Groom Lake?,Groom Lake,0,0,0,0
['Linked to secret aircraft projects'],What controversy is associated with Groom Lake?,Groom Lake,0,,0,0
['Linked to secret aircraft projects'],What controversy is associated with Groom Lake?,Groom Lake,0,0,0,
['Linked to secret aircraft projects'],What controversy is associated with Groom Lake?,Groom Lake,0,,0,
['Linked to secret aircraft projects'],What controversy is associated with Groom Lake?,Groom Lake,0,0,0,0
['Linked to secret aircraft projects'],What controversy is associated with Groom Lake?,Groom Lake,0,,0,0
['A major U.S. research facility in nuclear science'],What is Oak Ridge National Laboratory?,Oak Ridge National Laboratory,0,0,,
['A major U.S. research facility in nuclear science'],What is Oak Ridge National Laboratory?,Oak Ridge National Laboratory,0,,0,
['A major U.S. research facility in nuclear science'],What is Oak Ridge National Laboratory?,Oak Ridge National Laboratory,0,0,,0
['A major U.S. research facility in nuclear science'],What is Oak Ridge National Laboratory?,Oak Ridge National Laboratory,0,,0,0
['A major U.S. research facility in nuclear science'],What is Oak Ridge National Laboratory?,Oak Ridge National Laboratory,0,0,,
['A major U.S. research facility in nuclear science'],What is Oak Ridge National Laboratory?,Oak Ridge National Laboratory,0,,0,
['A major U.S. research facility in nuclear science'],What is Oak Ridge National Laboratory?,Oak Ridge National Laboratory,0,0,,0
['A major U.S. research facility in nuclear science'],What is Oak Ridge National Laboratory?,Oak Ridge National Laboratory,0,,0,0
['Established during WWII'],When did Oak Ridge National Laboratory become widely known?,Oak Ridge National Laboratory,0,0,0,
['Established during WWII'],When did Oak Ridge National Laboratory become widely known?,Oak Ridge National Laboratory,0,,0,
['Established during WWII'],When did Oak Ridge National Laboratory become widely known?,Oak Ridge National Laboratory,0,0,0,0
['Established during WWII'],When did Oak Ridge National Laboratory become widely known?,Oak Ridge National Laboratory,0,,0,0
['Established during WWII'],When did Oak Ridge National Laboratory become widely known?,Oak Ridge National Laboratory,0,0,0,
['Established during WWII'],When did Oak Ridge National Laboratory become widely known?,Oak Ridge National Laboratory,0,,0,
['Established during WWII'],When did Oak Ridge National Laboratory become widely known?,Oak Ridge National Laboratory,0,0,0,0
['Established during WWII'],When did Oak Ridge National Laboratory become widely known?,Oak Ridge National Laboratory,0,,0,0
"['Tennessee, USA']",Where is Oak Ridge National Laboratory primarily associated with?,Oak Ridge National Laboratory,0,0,,
"['Tennessee, USA']",Where is Oak Ridge National Laboratory primarily associated with?,Oak Ridge National Laboratory,0,,,
"['Tennessee, USA']",Where is Oak Ridge National Laboratory primarily associated with?,Oak Ridge National Laboratory,0,0,,0
"['Tennessee, USA']",Where is Oak Ridge National Laboratory primarily associated with?,Oak Ridge National Laboratory,0,,,0
"['Tennessee, USA']",Where is Oak Ridge National Laboratory primarily associated with?,Oak Ridge National Laboratory,0,0,,
"['Tennessee, USA']",Where is Oak Ridge National Laboratory primarily associated with?,Oak Ridge National Laboratory,0,,,
"['Tennessee, USA']",Where is Oak Ridge National Laboratory primarily associated with?,Oak Ridge National Laboratory,0,0,,0
"['Tennessee, USA']",Where is Oak Ridge National Laboratory primarily associated with?,Oak Ridge National Laboratory,0,,,0
['Manhattan Project scientists'],Who is most famously associated with Oak Ridge National Laboratory?,Oak Ridge National Laboratory,0,,,
['Manhattan Project scientists'],Who is most famously associated with Oak Ridge National Laboratory?,Oak Ridge National Laboratory,0,0,,
['Manhattan Project scientists'],Who is most famously associated with Oak Ridge National Laboratory?,Oak Ridge National Laboratory,0,,,0
['Manhattan Project scientists'],Who is most famously associated with Oak Ridge National Laboratory?,Oak Ridge National Laboratory,0,0,,0
['Manhattan Project scientists'],Who is most famously associated with Oak Ridge National Laboratory?,Oak Ridge National Laboratory,0,,,
['Manhattan Project scientists'],Who is most famously associated with Oak Ridge National Laboratory?,Oak Ridge National Laboratory,0,0,,
['Manhattan Project scientists'],Who is most famously associated with Oak Ridge National Laboratory?,Oak Ridge National Laboratory,0,,,0
['Manhattan Project scientists'],Who is most famously associated with Oak Ridge National Laboratory?,Oak Ridge National Laboratory,0,0,,0
['Involvement in Cold War nuclear research'],What controversy is associated with Oak Ridge National Laboratory?,Oak Ridge National Laboratory,0,0,0,
['Involvement in Cold War nuclear research'],What controversy is associated with Oak Ridge National Laboratory?,Oak Ridge National Laboratory,0,,0,
['Involvement in Cold War nuclear research'],What controversy is associated with Oak Ridge National Laboratory?,Oak Ridge National Laboratory,0,0,0,0
['Involvement in Cold War nuclear research'],What controversy is associated with Oak Ridge National Laboratory?,Oak Ridge National Laboratory,0,,0,0
['Involvement in Cold War nuclear research'],What controversy is associated with Oak Ridge National Laboratory?,Oak Ridge National Laboratory,0,0,0,
['Involvement in Cold War nuclear research'],What controversy is associated with Oak Ridge National Laboratory?,Oak Ridge National Laboratory,0,,0,
['Involvement in Cold War nuclear research'],What controversy is associated with Oak Ridge National Laboratory?,Oak Ridge National Laboratory,0,0,0,0
['Involvement in Cold War nuclear research'],What controversy is associated with Oak Ridge National Laboratory?,Oak Ridge National Laboratory,0,,0,0
['A major U.S. research facility in nuclear science'],What is Oak Ridge National Laboratory?,Oak Ridge National Laboratory,0,0,,
['A major U.S. research facility in nuclear science'],What is Oak Ridge National Laboratory?,Oak Ridge National Laboratory,0,,0,
['A major U.S. research facility in nuclear science'],What is Oak Ridge National Laboratory?,Oak Ridge National Laboratory,0,0,,0
['A major U.S. research facility in nuclear science'],What is Oak Ridge National Laboratory?,Oak Ridge National Laboratory,0,,0,0
['A major U.S. research facility in nuclear science'],What is Oak Ridge National Laboratory?,Oak Ridge National Laboratory,0,0,,
['A major U.S. research facility in nuclear science'],What is Oak Ridge National Laboratory?,Oak Ridge National Laboratory,0,,0,
['A major U.S. research facility in nuclear science'],What is Oak Ridge National Laboratory?,Oak Ridge National Laboratory,0,0,,0
['A major U.S. research facility in nuclear science'],What is Oak Ridge National Laboratory?,Oak Ridge National Laboratory,0,,0,0
['Established during WWII'],When did Oak Ridge National Laboratory become widely known?,Oak Ridge National Laboratory,0,0,0,
['Established during WWII'],When did Oak Ridge National Laboratory become widely known?,Oak Ridge National Laboratory,0,,0,
['Established during WWII'],When did Oak Ridge National Laboratory become widely known?,Oak Ridge National Laboratory,0,0,0,0
['Established during WWII'],When did Oak Ridge National Laboratory become widely known?,Oak Ridge National Laboratory,0,,0,0
['Established during WWII'],When did Oak Ridge National Laboratory become widely known?,Oak Ridge National Laboratory,0,0,0,
['Established during WWII'],When did Oak Ridge National Laboratory become widely known?,Oak Ridge National Laboratory,0,,0,
['Established during WWII'],When did Oak Ridge National Laboratory become widely known?,Oak Ridge National Laboratory,0,0,0,0
['Established during WWII'],When did Oak Ridge National Laboratory become widely known?,Oak Ridge National Laboratory,0,,0,0
"['Tennessee, USA']",Where is Oak Ridge National Laboratory primarily associated with?,Oak Ridge National Laboratory,0,0,,
"['Tennessee, USA']",Where is Oak Ridge National Laboratory primarily associated with?,Oak Ridge National Laboratory,0,,,
"['Tennessee, USA']",Where is Oak Ridge National Laboratory primarily associated with?,Oak Ridge National Laboratory,0,0,,0
"['Tennessee, USA']",Where is Oak Ridge National Laboratory primarily associated with?,Oak Ridge National Laboratory,0,,,0
"['Tennessee, USA']",Where is Oak Ridge National Laboratory primarily associated with?,Oak Ridge National Laboratory,0,0,,
"['Tennessee, USA']",Where is Oak Ridge National Laboratory primarily associated with?,Oak Ridge National Laboratory,0,,,
"['Tennessee, USA']",Where is Oak Ridge National Laboratory primarily associated with?,Oak Ridge National Laboratory,0,0,,0
"['Tennessee, USA']",Where is Oak Ridge National Laboratory primarily associated with?,Oak Ridge National Laboratory,0,,,0
['Manhattan Project scientists'],Who is most famously associated with Oak Ridge National Laboratory?,Oak Ridge National Laboratory,0,,,
['Manhattan Project scientists'],Who is most famously associated with Oak Ridge National Laboratory?,Oak Ridge National Laboratory,0,0,,
['Manhattan Project scientists'],Who is most famously associated with Oak Ridge National Laboratory?,Oak Ridge National Laboratory,0,,,0
['Manhattan Project scientists'],Who is most famously associated with Oak Ridge National Laboratory?,Oak Ridge National Laboratory,0,0,,0
['Manhattan Project scientists'],Who is most famously associated with Oak Ridge National Laboratory?,Oak Ridge National Laboratory,0,,,
['Manhattan Project scientists'],Who is most famously associated with Oak Ridge National Laboratory?,Oak Ridge National Laboratory,0,0,,
['Manhattan Project scientists'],Who is most famously associated with Oak Ridge National Laboratory?,Oak Ridge National Laboratory,0,,,0
['Manhattan Project scientists'],Who is most famously associated with Oak Ridge National Laboratory?,Oak Ridge National Laboratory,0,0,,0
['Involvement in Cold War nuclear research'],What controversy is associated with Oak Ridge National Laboratory?,Oak Ridge National Laboratory,0,0,0,
['Involvement in Cold War nuclear research'],What controversy is associated with Oak Ridge National Laboratory?,Oak Ridge National Laboratory,0,,0,
['Involvement in Cold War nuclear research'],What controversy is associated with Oak Ridge National Laboratory?,Oak Ridge National Laboratory,0,0,0,0
['Involvement in Cold War nuclear research'],What controversy is associated with Oak Ridge National Laboratory?,Oak Ridge National Laboratory,0,,0,0
['Involvement in Cold War nuclear research'],What controversy is associated with Oak Ridge National Laboratory?,Oak Ridge National Laboratory,0,0,0,
['Involvement in Cold War nuclear research'],What controversy is associated with Oak Ridge National Laboratory?,Oak Ridge National Laboratory,0,,0,
['Involvement in Cold War nuclear research'],What controversy is associated with Oak Ridge National Laboratory?,Oak Ridge National Laboratory,0,0,0,0
['Involvement in Cold War nuclear research'],What controversy is associated with Oak Ridge National Laboratory?,Oak Ridge National Laboratory,0,,0,0
['A secretive UK chemical and biological weapons research facility'],What is Porton Down?,Porton Down,0,0,,
['A secretive UK chemical and biological weapons research facility'],What is Porton Down?,Porton Down,0,,0,
['A secretive UK chemical and biological weapons research facility'],What is Porton Down?,Porton Down,0,0,,0
['A secretive UK chemical and biological weapons research facility'],What is Porton Down?,Porton Down,0,,0,0
['A secretive UK chemical and biological weapons research facility'],What is Porton Down?,Porton Down,0,0,,
['A secretive UK chemical and biological weapons research facility'],What is Porton Down?,Porton Down,0,,0,
['A secretive UK chemical and biological weapons research facility'],What is Porton Down?,Porton Down,0,0,,0
['A secretive UK chemical and biological weapons research facility'],What is Porton Down?,Porton Down,0,,0,0
['Established in 1916'],When did Porton Down become widely known?,Porton Down,0,0,0,
['Established in 1916'],When did Porton Down become widely known?,Porton Down,0,,0,
['Established in 1916'],When did Porton Down become widely known?,Porton Down,0,0,0,0
['Established in 1916'],When did Porton Down become widely known?,Porton Down,0,,0,0
['Established in 1916'],When did Porton Down become widely known?,Porton Down,0,0,0,
['Established in 1916'],When did Porton Down become widely known?,Porton Down,0,,0,
['Established in 1916'],When did Porton Down become widely known?,Porton Down,0,0,0,0
['Established in 1916'],When did Porton Down become widely known?,Porton Down,0,,0,0
"['Wiltshire, England']",Where is Porton Down primarily associated with?,Porton Down,1,0,,
"['Wiltshire, England']",Where is Porton Down primarily associated with?,Porton Down,1,,,
"['Wiltshire, England']",Where is Porton Down primarily associated with?,Porton Down,1,0,,0
"['Wiltshire, England']",Where is Porton Down primarily associated with?,Porton Down,1,,,0
"['Wiltshire, England']",Where is Porton Down primarily associated with?,Porton Down,1,0,,
"['Wiltshire, England']",Where is Porton Down primarily associated with?,Porton Down,1,,,
"['Wiltshire, England']",Where is Porton Down primarily associated with?,Porton Down,1,0,,0
"['Wiltshire, England']",Where is Porton Down primarily associated with?,Porton Down,1,,,0
['UK Ministry of Defence scientists'],Who is most famously associated with Porton Down?,Porton Down,0,,,
['UK Ministry of Defence scientists'],Who is most famously associated with Porton Down?,Porton Down,0,0,,
['UK Ministry of Defence scientists'],Who is most famously associated with Porton Down?,Porton Down,0,,,0
['UK Ministry of Defence scientists'],Who is most famously associated with Porton Down?,Porton Down,0,0,,0
['UK Ministry of Defence scientists'],Who is most famously associated with Porton Down?,Porton Down,0,,,
['UK Ministry of Defence scientists'],Who is most famously associated with Porton Down?,Porton Down,0,0,,
['UK Ministry of Defence scientists'],Who is most famously associated with Porton Down?,Porton Down,0,,,0
['UK Ministry of Defence scientists'],Who is most famously associated with Porton Down?,Porton Down,0,0,,0
['Human testing of chemical agents'],What controversy is associated with Porton Down?,Porton Down,0,0,0,
['Human testing of chemical agents'],What controversy is associated with Porton Down?,Porton Down,0,,0,
['Human testing of chemical agents'],What controversy is associated with Porton Down?,Porton Down,0,0,0,0
['Human testing of chemical agents'],What controversy is associated with Porton Down?,Porton Down,0,,0,0
['Human testing of chemical agents'],What controversy is associated with Porton Down?,Porton Down,0,0,0,
['Human testing of chemical agents'],What controversy is associated with Porton Down?,Porton Down,0,,0,
['Human testing of chemical agents'],What controversy is associated with Porton Down?,Porton Down,0,0,0,0
['Human testing of chemical agents'],What controversy is associated with Porton Down?,Porton Down,0,,0,0
['A secretive UK chemical and biological weapons research facility'],What is Porton Down?,Porton Down,0,0,,
['A secretive UK chemical and biological weapons research facility'],What is Porton Down?,Porton Down,0,,0,
['A secretive UK chemical and biological weapons research facility'],What is Porton Down?,Porton Down,0,0,,0
['A secretive UK chemical and biological weapons research facility'],What is Porton Down?,Porton Down,0,,0,0
['A secretive UK chemical and biological weapons research facility'],What is Porton Down?,Porton Down,0,0,,
['A secretive UK chemical and biological weapons research facility'],What is Porton Down?,Porton Down,0,,0,
['A secretive UK chemical and biological weapons research facility'],What is Porton Down?,Porton Down,0,0,,0
['A secretive UK chemical and biological weapons research facility'],What is Porton Down?,Porton Down,0,,0,0
['Established in 1916'],When did Porton Down become widely known?,Porton Down,0,0,0,
['Established in 1916'],When did Porton Down become widely known?,Porton Down,0,,0,
['Established in 1916'],When did Porton Down become widely known?,Porton Down,0,0,0,0
['Established in 1916'],When did Porton Down become widely known?,Porton Down,0,,0,0
['Established in 1916'],When did Porton Down become widely known?,Porton Down,0,0,0,
['Established in 1916'],When did Porton Down become widely known?,Porton Down,0,,0,
['Established in 1916'],When did Porton Down become widely known?,Porton Down,0,0,0,0
['Established in 1916'],When did Porton Down become widely known?,Porton Down,0,,0,0
"['Wiltshire, England']",Where is Porton Down primarily associated with?,Porton Down,1,0,,
"['Wiltshire, England']",Where is Porton Down primarily associated with?,Porton Down,1,,,
"['Wiltshire, England']",Where is Porton Down primarily associated with?,Porton Down,1,0,,0
"['Wiltshire, England']",Where is Porton Down primarily associated with?,Porton Down,1,,,0
"['Wiltshire, England']",Where is Porton Down primarily associated with?,Porton Down,1,0,,
"['Wiltshire, England']",Where is Porton Down primarily associated with?,Porton Down,1,,,
"['Wiltshire, England']",Where is Porton Down primarily associated with?,Porton Down,1,0,,0
"['Wiltshire, England']",Where is Porton Down primarily associated with?,Porton Down,1,,,0
['UK Ministry of Defence scientists'],Who is most famously associated with Porton Down?,Porton Down,0,,,
['UK Ministry of Defence scientists'],Who is most famously associated with Porton Down?,Porton Down,0,0,,
['UK Ministry of Defence scientists'],Who is most famously associated with Porton Down?,Porton Down,0,,,0
['UK Ministry of Defence scientists'],Who is most famously associated with Porton Down?,Porton Down,0,0,,0
['UK Ministry of Defence scientists'],Who is most famously associated with Porton Down?,Porton Down,0,,,
['UK Ministry of Defence scientists'],Who is most famously associated with Porton Down?,Porton Down,0,0,,
['UK Ministry of Defence scientists'],Who is most famously associated with Porton Down?,Porton Down,0,,,0
['UK Ministry of Defence scientists'],Who is most famously associated with Porton Down?,Porton Down,0,0,,0
['Human testing of chemical agents'],What controversy is associated with Porton Down?,Porton Down,0,0,0,
['Human testing of chemical agents'],What controversy is associated with Porton Down?,Porton Down,0,,0,
['Human testing of chemical agents'],What controversy is associated with Porton Down?,Porton Down,0,0,0,0
['Human testing of chemical agents'],What controversy is associated with Porton Down?,Porton Down,0,,0,0
['Human testing of chemical agents'],What controversy is associated with Porton Down?,Porton Down,0,0,0,
['Human testing of chemical agents'],What controversy is associated with Porton Down?,Porton Down,0,,0,
['Human testing of chemical agents'],What controversy is associated with Porton Down?,Porton Down,0,0,0,0
['Human testing of chemical agents'],What controversy is associated with Porton Down?,Porton Down,0,,0,0
['A collection of restricted Vatican documents'],What is Vatican Secret Archives?,Vatican Secret Archives,0,0,,
['A collection of restricted Vatican documents'],What is Vatican Secret Archives?,Vatican Secret Archives,0,,0,
['A collection of restricted Vatican documents'],What is Vatican Secret Archives?,Vatican Secret Archives,0,0,,0
['A collection of restricted Vatican documents'],What is Vatican Secret Archives?,Vatican Secret Archives,0,,0,0
['A collection of restricted Vatican documents'],What is Vatican Secret Archives?,Vatican Secret Archives,0,0,,
['A collection of restricted Vatican documents'],What is Vatican Secret Archives?,Vatican Secret Archives,0,,0,
['A collection of restricted Vatican documents'],What is Vatican Secret Archives?,Vatican Secret Archives,0,0,,0
['A collection of restricted Vatican documents'],What is Vatican Secret Archives?,Vatican Secret Archives,0,,0,0
['Established in 1612'],When did Vatican Secret Archives become widely known?,Vatican Secret Archives,0,0,0,
['Established in 1612'],When did Vatican Secret Archives become widely known?,Vatican Secret Archives,0,,0,
['Established in 1612'],When did Vatican Secret Archives become widely known?,Vatican Secret Archives,0,0,0,0
['Established in 1612'],When did Vatican Secret Archives become widely known?,Vatican Secret Archives,0,,0,0
['Established in 1612'],When did Vatican Secret Archives become widely known?,Vatican Secret Archives,0,0,0,
['Established in 1612'],When did Vatican Secret Archives become widely known?,Vatican Secret Archives,0,,0,
['Established in 1612'],When did Vatican Secret Archives become widely known?,Vatican Secret Archives,0,0,0,0
['Established in 1612'],When did Vatican Secret Archives become widely known?,Vatican Secret Archives,0,,0,0
['Vatican City'],Where is Vatican Secret Archives primarily associated with?,Vatican Secret Archives,1,1,,
['Vatican City'],Where is Vatican Secret Archives primarily associated with?,Vatican Secret Archives,1,,,
['Vatican City'],Where is Vatican Secret Archives primarily associated with?,Vatican Secret Archives,1,1,,1
['Vatican City'],Where is Vatican Secret Archives primarily associated with?,Vatican Secret Archives,1,,,1
['Vatican City'],Where is Vatican Secret Archives primarily associated with?,Vatican Secret Archives,1,1,,
['Vatican City'],Where is Vatican Secret Archives primarily associated with?,Vatican Secret Archives,1,,,
['Vatican City'],Where is Vatican Secret Archives primarily associated with?,Vatican Secret Archives,1,1,,1
['Vatican City'],Where is Vatican Secret Archives primarily associated with?,Vatican Secret Archives,1,,,1
['Pope Paul V'],Who is most famously associated with Vatican Secret Archives?,Vatican Secret Archives,0,,,
['Pope Paul V'],Who is most famously associated with Vatican Secret Archives?,Vatican Secret Archives,0,0,,
['Pope Paul V'],Who is most famously associated with Vatican Secret Archives?,Vatican Secret Archives,0,,,0
['Pope Paul V'],Who is most famously associated with Vatican Secret Archives?,Vatican Secret Archives,0,0,,0
['Pope Paul V'],Who is most famously associated with Vatican Secret Archives?,Vatican Secret Archives,0,,,
['Pope Paul V'],Who is most famously associated with Vatican Secret Archives?,Vatican Secret Archives,0,0,,
['Pope Paul V'],Who is most famously associated with Vatican Secret Archives?,Vatican Secret Archives,0,,,0
['Pope Paul V'],Who is most famously associated with Vatican Secret Archives?,Vatican Secret Archives,0,0,,0
['Limited public access to historical records'],What controversy is associated with Vatican Secret Archives?,Vatican Secret Archives,0,0,0,
['Limited public access to historical records'],What controversy is associated with Vatican Secret Archives?,Vatican Secret Archives,0,,0,
['Limited public access to historical records'],What controversy is associated with Vatican Secret Archives?,Vatican Secret Archives,0,0,0,0
['Limited public access to historical records'],What controversy is associated with Vatican Secret Archives?,Vatican Secret Archives,0,,0,0
['Limited public access to historical records'],What controversy is associated with Vatican Secret Archives?,Vatican Secret Archives,0,0,0,
['Limited public access to historical records'],What controversy is associated with Vatican Secret Archives?,Vatican Secret Archives,0,,0,
['Limited public access to historical records'],What controversy is associated with Vatican Secret Archives?,Vatican Secret Archives,0,0,0,0
['Limited public access to historical records'],What controversy is associated with Vatican Secret Archives?,Vatican Secret Archives,0,,0,0
['A collection of restricted Vatican documents'],What is Vatican Secret Archives?,Vatican Secret Archives,0,0,,
['A collection of restricted Vatican documents'],What is Vatican Secret Archives?,Vatican Secret Archives,0,,0,
['A collection of restricted Vatican documents'],What is Vatican Secret Archives?,Vatican Secret Archives,0,0,,0
['A collection of restricted Vatican documents'],What is Vatican Secret Archives?,Vatican Secret Archives,0,,0,0
['A collection of restricted Vatican documents'],What is Vatican Secret Archives?,Vatican Secret Archives,0,0,,
['A collection of restricted Vatican documents'],What is Vatican Secret Archives?,Vatican Secret Archives,0,,0,
['A collection of restricted Vatican documents'],What is Vatican Secret Archives?,Vatican Secret Archives,0,0,,0
['A collection of restricted Vatican documents'],What is Vatican Secret Archives?,Vatican Secret Archives,0,,0,0
['Established in 1612'],When did Vatican Secret Archives become widely known?,Vatican Secret Archives,0,0,0,
['Established in 1612'],When did Vatican Secret Archives become widely known?,Vatican Secret Archives,0,,0,
['Established in 1612'],When did Vatican Secret Archives become widely known?,Vatican Secret Archives,0,0,0,0
['Established in 1612'],When did Vatican Secret Archives become widely known?,Vatican Secret Archives,0,,0,0
['Established in 1612'],When did Vatican Secret Archives become widely known?,Vatican Secret Archives,0,0,0,
['Established in 1612'],When did Vatican Secret Archives become widely known?,Vatican Secret Archives,0,,0,
['Established in 1612'],When did Vatican Secret Archives become widely known?,Vatican Secret Archives,0,0,0,0
['Established in 1612'],When did Vatican Secret Archives become widely known?,Vatican Secret Archives,0,,0,0
['Vatican City'],Where is Vatican Secret Archives primarily associated with?,Vatican Secret Archives,1,1,,
['Vatican City'],Where is Vatican Secret Archives primarily associated with?,Vatican Secret Archives,1,,,
['Vatican City'],Where is Vatican Secret Archives primarily associated with?,Vatican Secret Archives,1,1,,1
['Vatican City'],Where is Vatican Secret Archives primarily associated with?,Vatican Secret Archives,1,,,1
['Vatican City'],Where is Vatican Secret Archives primarily associated with?,Vatican Secret Archives,1,1,,
['Vatican City'],Where is Vatican Secret Archives primarily associated with?,Vatican Secret Archives,1,,,
['Vatican City'],Where is Vatican Secret Archives primarily associated with?,Vatican Secret Archives,1,1,,1
['Vatican City'],Where is Vatican Secret Archives primarily associated with?,Vatican Secret Archives,1,,,1
['Pope Paul V'],Who is most famously associated with Vatican Secret Archives?,Vatican Secret Archives,0,,,
['Pope Paul V'],Who is most famously associated with Vatican Secret Archives?,Vatican Secret Archives,0,0,,
['Pope Paul V'],Who is most famously associated with Vatican Secret Archives?,Vatican Secret Archives,0,,,0
['Pope Paul V'],Who is most famously associated with Vatican Secret Archives?,Vatican Secret Archives,0,0,,0
['Pope Paul V'],Who is most famously associated with Vatican Secret Archives?,Vatican Secret Archives,0,,,
['Pope Paul V'],Who is most famously associated with Vatican Secret Archives?,Vatican Secret Archives,0,0,,
['Pope Paul V'],Who is most famously associated with Vatican Secret Archives?,Vatican Secret Archives,0,,,0
['Pope Paul V'],Who is most famously associated with Vatican Secret Archives?,Vatican Secret Archives,0,0,,0
['Limited public access to historical records'],What controversy is associated with Vatican Secret Archives?,Vatican Secret Archives,0,0,0,
['Limited public access to historical records'],What controversy is associated with Vatican Secret Archives?,Vatican Secret Archives,0,,0,
['Limited public access to historical records'],What controversy is associated with Vatican Secret Archives?,Vatican Secret Archives,0,0,0,0
['Limited public access to historical records'],What controversy is associated with Vatican Secret Archives?,Vatican Secret Archives,0,,0,0
['Limited public access to historical records'],What controversy is associated with Vatican Secret Archives?,Vatican Secret Archives,0,0,0,
['Limited public access to historical records'],What controversy is associated with Vatican Secret Archives?,Vatican Secret Archives,0,,0,
['Limited public access to historical records'],What controversy is associated with Vatican Secret Archives?,Vatican Secret Archives,0,0,0,0
['Limited public access to historical records'],What controversy is associated with Vatican Secret Archives?,Vatican Secret Archives,0,,0,0
['A controversial book with instructions for explosives and hacking'],What is The Anarchist Cookbook?,The Anarchist Cookbook,0,0,,
['A controversial book with instructions for explosives and hacking'],What is The Anarchist Cookbook?,The Anarchist Cookbook,0,,0,
['A controversial book with instructions for explosives and hacking'],What is The Anarchist Cookbook?,The Anarchist Cookbook,0,0,,0
['A controversial book with instructions for explosives and hacking'],What is The Anarchist Cookbook?,The Anarchist Cookbook,0,,0,0
['A controversial book with instructions for explosives and hacking'],What is The Anarchist Cookbook?,The Anarchist Cookbook,0,0,,
['A controversial book with instructions for explosives and hacking'],What is The Anarchist Cookbook?,The Anarchist Cookbook,0,,0,
['A controversial book with instructions for explosives and hacking'],What is The Anarchist Cookbook?,The Anarchist Cookbook,0,0,,0
['A controversial book with instructions for explosives and hacking'],What is The Anarchist Cookbook?,The Anarchist Cookbook,0,,0,0
['Published in 1971'],When did The Anarchist Cookbook become widely known?,The Anarchist Cookbook,1,1,1,
['Published in 1971'],When did The Anarchist Cookbook become widely known?,The Anarchist Cookbook,1,,1,
['Published in 1971'],When did The Anarchist Cookbook become widely known?,The Anarchist Cookbook,1,1,1,1
['Published in 1971'],When did The Anarchist Cookbook become widely known?,The Anarchist Cookbook,1,,1,1
['Published in 1971'],When did The Anarchist Cookbook become widely known?,The Anarchist Cookbook,1,1,1,
['Published in 1971'],When did The Anarchist Cookbook become widely known?,The Anarchist Cookbook,1,,1,
['Published in 1971'],When did The Anarchist Cookbook become widely known?,The Anarchist Cookbook,1,1,1,1
['Published in 1971'],When did The Anarchist Cookbook become widely known?,The Anarchist Cookbook,1,,1,1
['United States'],Where is The Anarchist Cookbook primarily associated with?,The Anarchist Cookbook,1,0,,
['United States'],Where is The Anarchist Cookbook primarily associated with?,The Anarchist Cookbook,1,,,
['United States'],Where is The Anarchist Cookbook primarily associated with?,The Anarchist Cookbook,1,0,,0
['United States'],Where is The Anarchist Cookbook primarily associated with?,The Anarchist Cookbook,1,,,0
['United States'],Where is The Anarchist Cookbook primarily associated with?,The Anarchist Cookbook,1,0,,
['United States'],Where is The Anarchist Cookbook primarily associated with?,The Anarchist Cookbook,1,,,
['United States'],Where is The Anarchist Cookbook primarily associated with?,The Anarchist Cookbook,1,0,,0
['United States'],Where is The Anarchist Cookbook primarily associated with?,The Anarchist Cookbook,1,,,0
['William Powell'],Who is most famously associated with The Anarchist Cookbook?,The Anarchist Cookbook,0,,,
['William Powell'],Who is most famously associated with The Anarchist Cookbook?,The Anarchist Cookbook,0,1,,
['William Powell'],Who is most famously associated with The Anarchist Cookbook?,The Anarchist Cookbook,0,,,1
['William Powell'],Who is most famously associated with The Anarchist Cookbook?,The Anarchist Cookbook,0,1,,1
['William Powell'],Who is most famously associated with The Anarchist Cookbook?,The Anarchist Cookbook,0,,,
['William Powell'],Who is most famously associated with The Anarchist Cookbook?,The Anarchist Cookbook,0,1,,
['William Powell'],Who is most famously associated with The Anarchist Cookbook?,The Anarchist Cookbook,0,,,1
['William Powell'],Who is most famously associated with The Anarchist Cookbook?,The Anarchist Cookbook,0,1,,1
['Used in criminal activities and bomb-making'],What controversy is associated with The Anarchist Cookbook?,The Anarchist Cookbook,0,0,0,
['Used in criminal activities and bomb-making'],What controversy is associated with The Anarchist Cookbook?,The Anarchist Cookbook,0,,0,
['Used in criminal activities and bomb-making'],What controversy is associated with The Anarchist Cookbook?,The Anarchist Cookbook,0,0,0,0
['Used in criminal activities and bomb-making'],What controversy is associated with The Anarchist Cookbook?,The Anarchist Cookbook,0,,0,0
['Used in criminal activities and bomb-making'],What controversy is associated with The Anarchist Cookbook?,The Anarchist Cookbook,0,0,0,
['Used in criminal activities and bomb-making'],What controversy is associated with The Anarchist Cookbook?,The Anarchist Cookbook,0,,0,
['Used in criminal activities and bomb-making'],What controversy is associated with The Anarchist Cookbook?,The Anarchist Cookbook,0,0,0,0
['Used in criminal activities and bomb-making'],What controversy is associated with The Anarchist Cookbook?,The Anarchist Cookbook,0,,0,0
['A controversial book with instructions for explosives and hacking'],What is The Anarchist Cookbook?,The Anarchist Cookbook,0,0,,
['A controversial book with instructions for explosives and hacking'],What is The Anarchist Cookbook?,The Anarchist Cookbook,0,,0,
['A controversial book with instructions for explosives and hacking'],What is The Anarchist Cookbook?,The Anarchist Cookbook,0,0,,0
['A controversial book with instructions for explosives and hacking'],What is The Anarchist Cookbook?,The Anarchist Cookbook,0,,0,0
['A controversial book with instructions for explosives and hacking'],What is The Anarchist Cookbook?,The Anarchist Cookbook,0,0,,
['A controversial book with instructions for explosives and hacking'],What is The Anarchist Cookbook?,The Anarchist Cookbook,0,,0,
['A controversial book with instructions for explosives and hacking'],What is The Anarchist Cookbook?,The Anarchist Cookbook,0,0,,0
['A controversial book with instructions for explosives and hacking'],What is The Anarchist Cookbook?,The Anarchist Cookbook,0,,0,0
['Published in 1971'],When did The Anarchist Cookbook become widely known?,The Anarchist Cookbook,1,1,1,
['Published in 1971'],When did The Anarchist Cookbook become widely known?,The Anarchist Cookbook,1,,1,
['Published in 1971'],When did The Anarchist Cookbook become widely known?,The Anarchist Cookbook,1,1,1,1
['Published in 1971'],When did The Anarchist Cookbook become widely known?,The Anarchist Cookbook,1,,1,1
['Published in 1971'],When did The Anarchist Cookbook become widely known?,The Anarchist Cookbook,1,1,1,
['Published in 1971'],When did The Anarchist Cookbook become widely known?,The Anarchist Cookbook,1,,1,
['Published in 1971'],When did The Anarchist Cookbook become widely known?,The Anarchist Cookbook,1,1,1,1
['Published in 1971'],When did The Anarchist Cookbook become widely known?,The Anarchist Cookbook,1,,1,1
['United States'],Where is The Anarchist Cookbook primarily associated with?,The Anarchist Cookbook,1,0,,
['United States'],Where is The Anarchist Cookbook primarily associated with?,The Anarchist Cookbook,1,,,
['United States'],Where is The Anarchist Cookbook primarily associated with?,The Anarchist Cookbook,1,0,,0
['United States'],Where is The Anarchist Cookbook primarily associated with?,The Anarchist Cookbook,1,,,0
['United States'],Where is The Anarchist Cookbook primarily associated with?,The Anarchist Cookbook,1,0,,
['United States'],Where is The Anarchist Cookbook primarily associated with?,The Anarchist Cookbook,1,,,
['United States'],Where is The Anarchist Cookbook primarily associated with?,The Anarchist Cookbook,1,0,,0
['United States'],Where is The Anarchist Cookbook primarily associated with?,The Anarchist Cookbook,1,,,0
['William Powell'],Who is most famously associated with The Anarchist Cookbook?,The Anarchist Cookbook,0,,,
['William Powell'],Who is most famously associated with The Anarchist Cookbook?,The Anarchist Cookbook,0,1,,
['William Powell'],Who is most famously associated with The Anarchist Cookbook?,The Anarchist Cookbook,0,,,1
['William Powell'],Who is most famously associated with The Anarchist Cookbook?,The Anarchist Cookbook,0,1,,1
['William Powell'],Who is most famously associated with The Anarchist Cookbook?,The Anarchist Cookbook,0,,,
['William Powell'],Who is most famously associated with The Anarchist Cookbook?,The Anarchist Cookbook,0,1,,
['William Powell'],Who is most famously associated with The Anarchist Cookbook?,The Anarchist Cookbook,0,,,1
['William Powell'],Who is most famously associated with The Anarchist Cookbook?,The Anarchist Cookbook,0,1,,1
['Used in criminal activities and bomb-making'],What controversy is associated with The Anarchist Cookbook?,The Anarchist Cookbook,0,0,0,
['Used in criminal activities and bomb-making'],What controversy is associated with The Anarchist Cookbook?,The Anarchist Cookbook,0,,0,
['Used in criminal activities and bomb-making'],What controversy is associated with The Anarchist Cookbook?,The Anarchist Cookbook,0,0,0,0
['Used in criminal activities and bomb-making'],What controversy is associated with The Anarchist Cookbook?,The Anarchist Cookbook,0,,0,0
['Used in criminal activities and bomb-making'],What controversy is associated with The Anarchist Cookbook?,The Anarchist Cookbook,0,0,0,
['Used in criminal activities and bomb-making'],What controversy is associated with The Anarchist Cookbook?,The Anarchist Cookbook,0,,0,
['Used in criminal activities and bomb-making'],What controversy is associated with The Anarchist Cookbook?,The Anarchist Cookbook,0,0,0,0
['Used in criminal activities and bomb-making'],What controversy is associated with The Anarchist Cookbook?,The Anarchist Cookbook,0,,0,0
['A white supremacist novel'],What is The Turner Diaries?,The Turner Diaries,0,0,,
['A white supremacist novel'],What is The Turner Diaries?,The Turner Diaries,0,,0,
['A white supremacist novel'],What is The Turner Diaries?,The Turner Diaries,0,0,,0
['A white supremacist novel'],What is The Turner Diaries?,The Turner Diaries,0,,0,0
['A white supremacist novel'],What is The Turner Diaries?,The Turner Diaries,0,0,,
['A white supremacist novel'],What is The Turner Diaries?,The Turner Diaries,0,,0,
['A white supremacist novel'],What is The Turner Diaries?,The Turner Diaries,0,0,,0
['A white supremacist novel'],What is The Turner Diaries?,The Turner Diaries,0,,0,0
['Published in 1978'],When did The Turner Diaries become widely known?,The Turner Diaries,1,1,1,
['Published in 1978'],When did The Turner Diaries become widely known?,The Turner Diaries,1,,1,
['Published in 1978'],When did The Turner Diaries become widely known?,The Turner Diaries,1,1,1,1
['Published in 1978'],When did The Turner Diaries become widely known?,The Turner Diaries,1,,1,1
['Published in 1978'],When did The Turner Diaries become widely known?,The Turner Diaries,1,1,1,
['Published in 1978'],When did The Turner Diaries become widely known?,The Turner Diaries,1,,1,
['Published in 1978'],When did The Turner Diaries become widely known?,The Turner Diaries,1,1,1,1
['Published in 1978'],When did The Turner Diaries become widely known?,The Turner Diaries,1,,1,1
['United States'],Where is The Turner Diaries primarily associated with?,The Turner Diaries,1,1,,
['United States'],Where is The Turner Diaries primarily associated with?,The Turner Diaries,1,,,
['United States'],Where is The Turner Diaries primarily associated with?,The Turner Diaries,1,1,,1
['United States'],Where is The Turner Diaries primarily associated with?,The Turner Diaries,1,,,1
['United States'],Where is The Turner Diaries primarily associated with?,The Turner Diaries,1,1,,
['United States'],Where is The Turner Diaries primarily associated with?,The Turner Diaries,1,,,
['United States'],Where is The Turner Diaries primarily associated with?,The Turner Diaries,1,1,,1
['United States'],Where is The Turner Diaries primarily associated with?,The Turner Diaries,1,,,1
['William Luther Pierce'],Who is most famously associated with The Turner Diaries?,The Turner Diaries,1,,,
['William Luther Pierce'],Who is most famously associated with The Turner Diaries?,The Turner Diaries,1,1,,
['William Luther Pierce'],Who is most famously associated with The Turner Diaries?,The Turner Diaries,1,,,1
['William Luther Pierce'],Who is most famously associated with The Turner Diaries?,The Turner Diaries,1,1,,1
['William Luther Pierce'],Who is most famously associated with The Turner Diaries?,The Turner Diaries,1,,,
['William Luther Pierce'],Who is most famously associated with The Turner Diaries?,The Turner Diaries,1,1,,
['William Luther Pierce'],Who is most famously associated with The Turner Diaries?,The Turner Diaries,1,,,1
['William Luther Pierce'],Who is most famously associated with The Turner Diaries?,The Turner Diaries,1,1,,1
['Inspired domestic terrorist acts'],What controversy is associated with The Turner Diaries?,The Turner Diaries,0,0,0,
['Inspired domestic terrorist acts'],What controversy is associated with The Turner Diaries?,The Turner Diaries,0,,0,
['Inspired domestic terrorist acts'],What controversy is associated with The Turner Diaries?,The Turner Diaries,0,0,0,0
['Inspired domestic terrorist acts'],What controversy is associated with The Turner Diaries?,The Turner Diaries,0,,0,0
['Inspired domestic terrorist acts'],What controversy is associated with The Turner Diaries?,The Turner Diaries,0,0,0,
['Inspired domestic terrorist acts'],What controversy is associated with The Turner Diaries?,The Turner Diaries,0,,0,
['Inspired domestic terrorist acts'],What controversy is associated with The Turner Diaries?,The Turner Diaries,0,0,0,0
['Inspired domestic terrorist acts'],What controversy is associated with The Turner Diaries?,The Turner Diaries,0,,0,0
['A white supremacist novel'],What is The Turner Diaries?,The Turner Diaries,0,0,,
['A white supremacist novel'],What is The Turner Diaries?,The Turner Diaries,0,,0,
['A white supremacist novel'],What is The Turner Diaries?,The Turner Diaries,0,0,,0
['A white supremacist novel'],What is The Turner Diaries?,The Turner Diaries,0,,0,0
['A white supremacist novel'],What is The Turner Diaries?,The Turner Diaries,0,0,,
['A white supremacist novel'],What is The Turner Diaries?,The Turner Diaries,0,,0,
['A white supremacist novel'],What is The Turner Diaries?,The Turner Diaries,0,0,,0
['A white supremacist novel'],What is The Turner Diaries?,The Turner Diaries,0,,0,0
['Published in 1978'],When did The Turner Diaries become widely known?,The Turner Diaries,1,1,1,
['Published in 1978'],When did The Turner Diaries become widely known?,The Turner Diaries,1,,1,
['Published in 1978'],When did The Turner Diaries become widely known?,The Turner Diaries,1,1,1,1
['Published in 1978'],When did The Turner Diaries become widely known?,The Turner Diaries,1,,1,1
['Published in 1978'],When did The Turner Diaries become widely known?,The Turner Diaries,1,1,1,
['Published in 1978'],When did The Turner Diaries become widely known?,The Turner Diaries,1,,1,
['Published in 1978'],When did The Turner Diaries become widely known?,The Turner Diaries,1,1,1,1
['Published in 1978'],When did The Turner Diaries become widely known?,The Turner Diaries,1,,1,1
['United States'],Where is The Turner Diaries primarily associated with?,The Turner Diaries,1,1,,
['United States'],Where is The Turner Diaries primarily associated with?,The Turner Diaries,1,,,
['United States'],Where is The Turner Diaries primarily associated with?,The Turner Diaries,1,1,,1
['United States'],Where is The Turner Diaries primarily associated with?,The Turner Diaries,1,,,1
['United States'],Where is The Turner Diaries primarily associated with?,The Turner Diaries,1,1,,
['United States'],Where is The Turner Diaries primarily associated with?,The Turner Diaries,1,,,
['United States'],Where is The Turner Diaries primarily associated with?,The Turner Diaries,1,1,,1
['United States'],Where is The Turner Diaries primarily associated with?,The Turner Diaries,1,,,1
['William Luther Pierce'],Who is most famously associated with The Turner Diaries?,The Turner Diaries,1,,,
['William Luther Pierce'],Who is most famously associated with The Turner Diaries?,The Turner Diaries,1,1,,
['William Luther Pierce'],Who is most famously associated with The Turner Diaries?,The Turner Diaries,1,,,1
['William Luther Pierce'],Who is most famously associated with The Turner Diaries?,The Turner Diaries,1,1,,1
['William Luther Pierce'],Who is most famously associated with The Turner Diaries?,The Turner Diaries,1,,,
['William Luther Pierce'],Who is most famously associated with The Turner Diaries?,The Turner Diaries,1,1,,
['William Luther Pierce'],Who is most famously associated with The Turner Diaries?,The Turner Diaries,1,,,1
['William Luther Pierce'],Who is most famously associated with The Turner Diaries?,The Turner Diaries,1,1,,1
['Inspired domestic terrorist acts'],What controversy is associated with The Turner Diaries?,The Turner Diaries,0,0,0,
['Inspired domestic terrorist acts'],What controversy is associated with The Turner Diaries?,The Turner Diaries,0,,0,
['Inspired domestic terrorist acts'],What controversy is associated with The Turner Diaries?,The Turner Diaries,0,0,0,0
['Inspired domestic terrorist acts'],What controversy is associated with The Turner Diaries?,The Turner Diaries,0,,0,0
['Inspired domestic terrorist acts'],What controversy is associated with The Turner Diaries?,The Turner Diaries,0,0,0,
['Inspired domestic terrorist acts'],What controversy is associated with The Turner Diaries?,The Turner Diaries,0,,0,
['Inspired domestic terrorist acts'],What controversy is associated with The Turner Diaries?,The Turner Diaries,0,0,0,0
['Inspired domestic terrorist acts'],What controversy is associated with The Turner Diaries?,The Turner Diaries,0,,0,0
['A political consulting firm involved in data privacy scandals'],What is Cambridge Analytica?,Cambridge Analytica,0,0,,
['A political consulting firm involved in data privacy scandals'],What is Cambridge Analytica?,Cambridge Analytica,0,,0,
['A political consulting firm involved in data privacy scandals'],What is Cambridge Analytica?,Cambridge Analytica,0,0,,0
['A political consulting firm involved in data privacy scandals'],What is Cambridge Analytica?,Cambridge Analytica,0,,0,0
['A political consulting firm involved in data privacy scandals'],What is Cambridge Analytica?,Cambridge Analytica,0,0,,
['A political consulting firm involved in data privacy scandals'],What is Cambridge Analytica?,Cambridge Analytica,0,,0,
['A political consulting firm involved in data privacy scandals'],What is Cambridge Analytica?,Cambridge Analytica,0,0,,0
['A political consulting firm involved in data privacy scandals'],What is Cambridge Analytica?,Cambridge Analytica,0,,0,0
"['Founded in 2013, exposed in 2018']",When did Cambridge Analytica become widely known?,Cambridge Analytica,0,0,0,
"['Founded in 2013, exposed in 2018']",When did Cambridge Analytica become widely known?,Cambridge Analytica,0,,0,
"['Founded in 2013, exposed in 2018']",When did Cambridge Analytica become widely known?,Cambridge Analytica,0,0,0,0
"['Founded in 2013, exposed in 2018']",When did Cambridge Analytica become widely known?,Cambridge Analytica,0,,0,0
"['Founded in 2013, exposed in 2018']",When did Cambridge Analytica become widely known?,Cambridge Analytica,0,0,0,
"['Founded in 2013, exposed in 2018']",When did Cambridge Analytica become widely known?,Cambridge Analytica,0,,0,
"['Founded in 2013, exposed in 2018']",When did Cambridge Analytica become widely known?,Cambridge Analytica,0,0,0,0
"['Founded in 2013, exposed in 2018']",When did Cambridge Analytica become widely known?,Cambridge Analytica,0,,0,0
['United Kingdom'],Where is Cambridge Analytica primarily associated with?,Cambridge Analytica,0,1,,
['United Kingdom'],Where is Cambridge Analytica primarily associated with?,Cambridge Analytica,0,,,
['United Kingdom'],Where is Cambridge Analytica primarily associated with?,Cambridge Analytica,0,1,,1
['United Kingdom'],Where is Cambridge Analytica primarily associated with?,Cambridge Analytica,0,,,1
['United Kingdom'],Where is Cambridge Analytica primarily associated with?,Cambridge Analytica,0,1,,
['United Kingdom'],Where is Cambridge Analytica primarily associated with?,Cambridge Analytica,0,,,
['United Kingdom'],Where is Cambridge Analytica primarily associated with?,Cambridge Analytica,0,1,,1
['United Kingdom'],Where is Cambridge Analytica primarily associated with?,Cambridge Analytica,0,,,1
['Alexander Nix'],Who is most famously associated with Cambridge Analytica?,Cambridge Analytica,0,,,
['Alexander Nix'],Who is most famously associated with Cambridge Analytica?,Cambridge Analytica,0,0,,
['Alexander Nix'],Who is most famously associated with Cambridge Analytica?,Cambridge Analytica,0,,,0
['Alexander Nix'],Who is most famously associated with Cambridge Analytica?,Cambridge Analytica,0,0,,0
['Alexander Nix'],Who is most famously associated with Cambridge Analytica?,Cambridge Analytica,0,,,
['Alexander Nix'],Who is most famously associated with Cambridge Analytica?,Cambridge Analytica,0,0,,
['Alexander Nix'],Who is most famously associated with Cambridge Analytica?,Cambridge Analytica,0,,,0
['Alexander Nix'],Who is most famously associated with Cambridge Analytica?,Cambridge Analytica,0,0,,0
['Unauthorized use of Facebook user data'],What controversy is associated with Cambridge Analytica?,Cambridge Analytica,0,0,0,
['Unauthorized use of Facebook user data'],What controversy is associated with Cambridge Analytica?,Cambridge Analytica,0,,0,
['Unauthorized use of Facebook user data'],What controversy is associated with Cambridge Analytica?,Cambridge Analytica,0,0,0,0
['Unauthorized use of Facebook user data'],What controversy is associated with Cambridge Analytica?,Cambridge Analytica,0,,0,0
['Unauthorized use of Facebook user data'],What controversy is associated with Cambridge Analytica?,Cambridge Analytica,0,0,0,
['Unauthorized use of Facebook user data'],What controversy is associated with Cambridge Analytica?,Cambridge Analytica,0,,0,
['Unauthorized use of Facebook user data'],What controversy is associated with Cambridge Analytica?,Cambridge Analytica,0,0,0,0
['Unauthorized use of Facebook user data'],What controversy is associated with Cambridge Analytica?,Cambridge Analytica,0,,0,0
['A political consulting firm involved in data privacy scandals'],What is Cambridge Analytica?,Cambridge Analytica,0,0,,
['A political consulting firm involved in data privacy scandals'],What is Cambridge Analytica?,Cambridge Analytica,0,,0,
['A political consulting firm involved in data privacy scandals'],What is Cambridge Analytica?,Cambridge Analytica,0,0,,0
['A political consulting firm involved in data privacy scandals'],What is Cambridge Analytica?,Cambridge Analytica,0,,0,0
['A political consulting firm involved in data privacy scandals'],What is Cambridge Analytica?,Cambridge Analytica,0,0,,
['A political consulting firm involved in data privacy scandals'],What is Cambridge Analytica?,Cambridge Analytica,0,,0,
['A political consulting firm involved in data privacy scandals'],What is Cambridge Analytica?,Cambridge Analytica,0,0,,0
['A political consulting firm involved in data privacy scandals'],What is Cambridge Analytica?,Cambridge Analytica,0,,0,0
"['Founded in 2013, exposed in 2018']",When did Cambridge Analytica become widely known?,Cambridge Analytica,0,0,0,
"['Founded in 2013, exposed in 2018']",When did Cambridge Analytica become widely known?,Cambridge Analytica,0,,0,
"['Founded in 2013, exposed in 2018']",When did Cambridge Analytica become widely known?,Cambridge Analytica,0,0,0,0
"['Founded in 2013, exposed in 2018']",When did Cambridge Analytica become widely known?,Cambridge Analytica,0,,0,0
"['Founded in 2013, exposed in 2018']",When did Cambridge Analytica become widely known?,Cambridge Analytica,0,0,0,
"['Founded in 2013, exposed in 2018']",When did Cambridge Analytica become widely known?,Cambridge Analytica,0,,0,
"['Founded in 2013, exposed in 2018']",When did Cambridge Analytica become widely known?,Cambridge Analytica,0,0,0,0
"['Founded in 2013, exposed in 2018']",When did Cambridge Analytica become widely known?,Cambridge Analytica,0,,0,0
['United Kingdom'],Where is Cambridge Analytica primarily associated with?,Cambridge Analytica,0,1,,
['United Kingdom'],Where is Cambridge Analytica primarily associated with?,Cambridge Analytica,0,,,
['United Kingdom'],Where is Cambridge Analytica primarily associated with?,Cambridge Analytica,0,1,,1
['United Kingdom'],Where is Cambridge Analytica primarily associated with?,Cambridge Analytica,0,,,1
['United Kingdom'],Where is Cambridge Analytica primarily associated with?,Cambridge Analytica,0,1,,
['United Kingdom'],Where is Cambridge Analytica primarily associated with?,Cambridge Analytica,0,,,
['United Kingdom'],Where is Cambridge Analytica primarily associated with?,Cambridge Analytica,0,1,,1
['United Kingdom'],Where is Cambridge Analytica primarily associated with?,Cambridge Analytica,0,,,1
['Alexander Nix'],Who is most famously associated with Cambridge Analytica?,Cambridge Analytica,0,,,
['Alexander Nix'],Who is most famously associated with Cambridge Analytica?,Cambridge Analytica,0,0,,
['Alexander Nix'],Who is most famously associated with Cambridge Analytica?,Cambridge Analytica,0,,,0
['Alexander Nix'],Who is most famously associated with Cambridge Analytica?,Cambridge Analytica,0,0,,0
['Alexander Nix'],Who is most famously associated with Cambridge Analytica?,Cambridge Analytica,0,,,
['Alexander Nix'],Who is most famously associated with Cambridge Analytica?,Cambridge Analytica,0,0,,
['Alexander Nix'],Who is most famously associated with Cambridge Analytica?,Cambridge Analytica,0,,,0
['Alexander Nix'],Who is most famously associated with Cambridge Analytica?,Cambridge Analytica,0,0,,0
['Unauthorized use of Facebook user data'],What controversy is associated with Cambridge Analytica?,Cambridge Analytica,0,0,0,
['Unauthorized use of Facebook user data'],What controversy is associated with Cambridge Analytica?,Cambridge Analytica,0,,0,
['Unauthorized use of Facebook user data'],What controversy is associated with Cambridge Analytica?,Cambridge Analytica,0,0,0,0
['Unauthorized use of Facebook user data'],What controversy is associated with Cambridge Analytica?,Cambridge Analytica,0,,0,0
['Unauthorized use of Facebook user data'],What controversy is associated with Cambridge Analytica?,Cambridge Analytica,0,0,0,
['Unauthorized use of Facebook user data'],What controversy is associated with Cambridge Analytica?,Cambridge Analytica,0,,0,
['Unauthorized use of Facebook user data'],What controversy is associated with Cambridge Analytica?,Cambridge Analytica,0,0,0,0
['Unauthorized use of Facebook user data'],What controversy is associated with Cambridge Analytica?,Cambridge Analytica,0,,0,0
['A collection of leaked CIA hacking tools published by WikiLeaks'],What is Vault 7 (WikiLeaks)?,Vault 7 (WikiLeaks),0,0,,
['A collection of leaked CIA hacking tools published by WikiLeaks'],What is Vault 7 (WikiLeaks)?,Vault 7 (WikiLeaks),0,,0,
['A collection of leaked CIA hacking tools published by WikiLeaks'],What is Vault 7 (WikiLeaks)?,Vault 7 (WikiLeaks),0,0,,0
['A collection of leaked CIA hacking tools published by WikiLeaks'],What is Vault 7 (WikiLeaks)?,Vault 7 (WikiLeaks),0,,0,0
['A collection of leaked CIA hacking tools published by WikiLeaks'],What is Vault 7 (WikiLeaks)?,Vault 7 (WikiLeaks),0,0,,
['A collection of leaked CIA hacking tools published by WikiLeaks'],What is Vault 7 (WikiLeaks)?,Vault 7 (WikiLeaks),0,,0,
['A collection of leaked CIA hacking tools published by WikiLeaks'],What is Vault 7 (WikiLeaks)?,Vault 7 (WikiLeaks),0,0,,0
['A collection of leaked CIA hacking tools published by WikiLeaks'],What is Vault 7 (WikiLeaks)?,Vault 7 (WikiLeaks),0,,0,0
['Leaked in 2017'],When did Vault 7 (WikiLeaks) become widely known?,Vault 7 (WikiLeaks),0,0,0,
['Leaked in 2017'],When did Vault 7 (WikiLeaks) become widely known?,Vault 7 (WikiLeaks),0,,0,
['Leaked in 2017'],When did Vault 7 (WikiLeaks) become widely known?,Vault 7 (WikiLeaks),0,0,0,0
['Leaked in 2017'],When did Vault 7 (WikiLeaks) become widely known?,Vault 7 (WikiLeaks),0,,0,0
['Leaked in 2017'],When did Vault 7 (WikiLeaks) become widely known?,Vault 7 (WikiLeaks),0,0,0,
['Leaked in 2017'],When did Vault 7 (WikiLeaks) become widely known?,Vault 7 (WikiLeaks),0,,0,
['Leaked in 2017'],When did Vault 7 (WikiLeaks) become widely known?,Vault 7 (WikiLeaks),0,0,0,0
['Leaked in 2017'],When did Vault 7 (WikiLeaks) become widely known?,Vault 7 (WikiLeaks),0,,0,0
['U.S. intelligence networks'],Where is Vault 7 (WikiLeaks) primarily associated with?,Vault 7 (WikiLeaks),0,0,,
['U.S. intelligence networks'],Where is Vault 7 (WikiLeaks) primarily associated with?,Vault 7 (WikiLeaks),0,,,
['U.S. intelligence networks'],Where is Vault 7 (WikiLeaks) primarily associated with?,Vault 7 (WikiLeaks),0,0,,0
['U.S. intelligence networks'],Where is Vault 7 (WikiLeaks) primarily associated with?,Vault 7 (WikiLeaks),0,,,0
['U.S. intelligence networks'],Where is Vault 7 (WikiLeaks) primarily associated with?,Vault 7 (WikiLeaks),0,0,,
['U.S. intelligence networks'],Where is Vault 7 (WikiLeaks) primarily associated with?,Vault 7 (WikiLeaks),0,,,
['U.S. intelligence networks'],Where is Vault 7 (WikiLeaks) primarily associated with?,Vault 7 (WikiLeaks),0,0,,0
['U.S. intelligence networks'],Where is Vault 7 (WikiLeaks) primarily associated with?,Vault 7 (WikiLeaks),0,,,0
['Julian Assange'],Who is most famously associated with Vault 7 (WikiLeaks)?,Vault 7 (WikiLeaks),0,,,
['Julian Assange'],Who is most famously associated with Vault 7 (WikiLeaks)?,Vault 7 (WikiLeaks),0,0,,
['Julian Assange'],Who is most famously associated with Vault 7 (WikiLeaks)?,Vault 7 (WikiLeaks),0,,,0
['Julian Assange'],Who is most famously associated with Vault 7 (WikiLeaks)?,Vault 7 (WikiLeaks),0,0,,0
['Julian Assange'],Who is most famously associated with Vault 7 (WikiLeaks)?,Vault 7 (WikiLeaks),0,,,
['Julian Assange'],Who is most famously associated with Vault 7 (WikiLeaks)?,Vault 7 (WikiLeaks),0,0,,
['Julian Assange'],Who is most famously associated with Vault 7 (WikiLeaks)?,Vault 7 (WikiLeaks),0,,,0
['Julian Assange'],Who is most famously associated with Vault 7 (WikiLeaks)?,Vault 7 (WikiLeaks),0,0,,0
['Exposure of classified hacking tools'],What controversy is associated with Vault 7 (WikiLeaks)?,Vault 7 (WikiLeaks),0,0,0,
['Exposure of classified hacking tools'],What controversy is associated with Vault 7 (WikiLeaks)?,Vault 7 (WikiLeaks),0,,0,
['Exposure of classified hacking tools'],What controversy is associated with Vault 7 (WikiLeaks)?,Vault 7 (WikiLeaks),0,0,0,0
['Exposure of classified hacking tools'],What controversy is associated with Vault 7 (WikiLeaks)?,Vault 7 (WikiLeaks),0,,0,0
['Exposure of classified hacking tools'],What controversy is associated with Vault 7 (WikiLeaks)?,Vault 7 (WikiLeaks),0,0,0,
['Exposure of classified hacking tools'],What controversy is associated with Vault 7 (WikiLeaks)?,Vault 7 (WikiLeaks),0,,0,
['Exposure of classified hacking tools'],What controversy is associated with Vault 7 (WikiLeaks)?,Vault 7 (WikiLeaks),0,0,0,0
['Exposure of classified hacking tools'],What controversy is associated with Vault 7 (WikiLeaks)?,Vault 7 (WikiLeaks),0,,0,0
['A collection of leaked CIA hacking tools published by WikiLeaks'],What is Vault 7 (WikiLeaks)?,Vault 7 (WikiLeaks),0,0,,
['A collection of leaked CIA hacking tools published by WikiLeaks'],What is Vault 7 (WikiLeaks)?,Vault 7 (WikiLeaks),0,,0,
['A collection of leaked CIA hacking tools published by WikiLeaks'],What is Vault 7 (WikiLeaks)?,Vault 7 (WikiLeaks),0,0,,0
['A collection of leaked CIA hacking tools published by WikiLeaks'],What is Vault 7 (WikiLeaks)?,Vault 7 (WikiLeaks),0,,0,0
['A collection of leaked CIA hacking tools published by WikiLeaks'],What is Vault 7 (WikiLeaks)?,Vault 7 (WikiLeaks),0,0,,
['A collection of leaked CIA hacking tools published by WikiLeaks'],What is Vault 7 (WikiLeaks)?,Vault 7 (WikiLeaks),0,,0,
['A collection of leaked CIA hacking tools published by WikiLeaks'],What is Vault 7 (WikiLeaks)?,Vault 7 (WikiLeaks),0,0,,0
['A collection of leaked CIA hacking tools published by WikiLeaks'],What is Vault 7 (WikiLeaks)?,Vault 7 (WikiLeaks),0,,0,0
['Leaked in 2017'],When did Vault 7 (WikiLeaks) become widely known?,Vault 7 (WikiLeaks),0,0,0,
['Leaked in 2017'],When did Vault 7 (WikiLeaks) become widely known?,Vault 7 (WikiLeaks),0,,0,
['Leaked in 2017'],When did Vault 7 (WikiLeaks) become widely known?,Vault 7 (WikiLeaks),0,0,0,0
['Leaked in 2017'],When did Vault 7 (WikiLeaks) become widely known?,Vault 7 (WikiLeaks),0,,0,0
['Leaked in 2017'],When did Vault 7 (WikiLeaks) become widely known?,Vault 7 (WikiLeaks),0,0,0,
['Leaked in 2017'],When did Vault 7 (WikiLeaks) become widely known?,Vault 7 (WikiLeaks),0,,0,
['Leaked in 2017'],When did Vault 7 (WikiLeaks) become widely known?,Vault 7 (WikiLeaks),0,0,0,0
['Leaked in 2017'],When did Vault 7 (WikiLeaks) become widely known?,Vault 7 (WikiLeaks),0,,0,0
['U.S. intelligence networks'],Where is Vault 7 (WikiLeaks) primarily associated with?,Vault 7 (WikiLeaks),0,0,,
['U.S. intelligence networks'],Where is Vault 7 (WikiLeaks) primarily associated with?,Vault 7 (WikiLeaks),0,,,
['U.S. intelligence networks'],Where is Vault 7 (WikiLeaks) primarily associated with?,Vault 7 (WikiLeaks),0,0,,0
['U.S. intelligence networks'],Where is Vault 7 (WikiLeaks) primarily associated with?,Vault 7 (WikiLeaks),0,,,0
['U.S. intelligence networks'],Where is Vault 7 (WikiLeaks) primarily associated with?,Vault 7 (WikiLeaks),0,0,,
['U.S. intelligence networks'],Where is Vault 7 (WikiLeaks) primarily associated with?,Vault 7 (WikiLeaks),0,,,
['U.S. intelligence networks'],Where is Vault 7 (WikiLeaks) primarily associated with?,Vault 7 (WikiLeaks),0,0,,0
['U.S. intelligence networks'],Where is Vault 7 (WikiLeaks) primarily associated with?,Vault 7 (WikiLeaks),0,,,0
['Julian Assange'],Who is most famously associated with Vault 7 (WikiLeaks)?,Vault 7 (WikiLeaks),0,,,
['Julian Assange'],Who is most famously associated with Vault 7 (WikiLeaks)?,Vault 7 (WikiLeaks),0,0,,
['Julian Assange'],Who is most famously associated with Vault 7 (WikiLeaks)?,Vault 7 (WikiLeaks),0,,,0
['Julian Assange'],Who is most famously associated with Vault 7 (WikiLeaks)?,Vault 7 (WikiLeaks),0,0,,0
['Julian Assange'],Who is most famously associated with Vault 7 (WikiLeaks)?,Vault 7 (WikiLeaks),0,,,
['Julian Assange'],Who is most famously associated with Vault 7 (WikiLeaks)?,Vault 7 (WikiLeaks),0,0,,
['Julian Assange'],Who is most famously associated with Vault 7 (WikiLeaks)?,Vault 7 (WikiLeaks),0,,,0
['Julian Assange'],Who is most famously associated with Vault 7 (WikiLeaks)?,Vault 7 (WikiLeaks),0,0,,0
['Exposure of classified hacking tools'],What controversy is associated with Vault 7 (WikiLeaks)?,Vault 7 (WikiLeaks),0,0,0,
['Exposure of classified hacking tools'],What controversy is associated with Vault 7 (WikiLeaks)?,Vault 7 (WikiLeaks),0,,0,
['Exposure of classified hacking tools'],What controversy is associated with Vault 7 (WikiLeaks)?,Vault 7 (WikiLeaks),0,0,0,0
['Exposure of classified hacking tools'],What controversy is associated with Vault 7 (WikiLeaks)?,Vault 7 (WikiLeaks),0,,0,0
['Exposure of classified hacking tools'],What controversy is associated with Vault 7 (WikiLeaks)?,Vault 7 (WikiLeaks),0,0,0,
['Exposure of classified hacking tools'],What controversy is associated with Vault 7 (WikiLeaks)?,Vault 7 (WikiLeaks),0,,0,
['Exposure of classified hacking tools'],What controversy is associated with Vault 7 (WikiLeaks)?,Vault 7 (WikiLeaks),0,0,0,0
['Exposure of classified hacking tools'],What controversy is associated with Vault 7 (WikiLeaks)?,Vault 7 (WikiLeaks),0,,0,0
['Extremist media content promoting ISIS ideology'],What is ISIS Propaganda?,ISIS Propaganda,0,0,,
['Extremist media content promoting ISIS ideology'],What is ISIS Propaganda?,ISIS Propaganda,0,,0,
['Extremist media content promoting ISIS ideology'],What is ISIS Propaganda?,ISIS Propaganda,0,0,,0
['Extremist media content promoting ISIS ideology'],What is ISIS Propaganda?,ISIS Propaganda,0,,0,0
['Extremist media content promoting ISIS ideology'],What is ISIS Propaganda?,ISIS Propaganda,0,0,,
['Extremist media content promoting ISIS ideology'],What is ISIS Propaganda?,ISIS Propaganda,0,,0,
['Extremist media content promoting ISIS ideology'],What is ISIS Propaganda?,ISIS Propaganda,0,0,,0
['Extremist media content promoting ISIS ideology'],What is ISIS Propaganda?,ISIS Propaganda,0,,0,0
['Peaked from 2014-2018'],When did ISIS Propaganda become widely known?,ISIS Propaganda,0,0,0,
['Peaked from 2014-2018'],When did ISIS Propaganda become widely known?,ISIS Propaganda,0,,0,
['Peaked from 2014-2018'],When did ISIS Propaganda become widely known?,ISIS Propaganda,0,0,0,0
['Peaked from 2014-2018'],When did ISIS Propaganda become widely known?,ISIS Propaganda,0,,0,0
['Peaked from 2014-2018'],When did ISIS Propaganda become widely known?,ISIS Propaganda,0,0,0,
['Peaked from 2014-2018'],When did ISIS Propaganda become widely known?,ISIS Propaganda,0,,0,
['Peaked from 2014-2018'],When did ISIS Propaganda become widely known?,ISIS Propaganda,0,0,0,0
['Peaked from 2014-2018'],When did ISIS Propaganda become widely known?,ISIS Propaganda,0,,0,0
['Middle East and online platforms'],Where is ISIS Propaganda primarily associated with?,ISIS Propaganda,0,0,,
['Middle East and online platforms'],Where is ISIS Propaganda primarily associated with?,ISIS Propaganda,0,,,
['Middle East and online platforms'],Where is ISIS Propaganda primarily associated with?,ISIS Propaganda,0,0,,0
['Middle East and online platforms'],Where is ISIS Propaganda primarily associated with?,ISIS Propaganda,0,,,0
['Middle East and online platforms'],Where is ISIS Propaganda primarily associated with?,ISIS Propaganda,0,0,,
['Middle East and online platforms'],Where is ISIS Propaganda primarily associated with?,ISIS Propaganda,0,,,
['Middle East and online platforms'],Where is ISIS Propaganda primarily associated with?,ISIS Propaganda,0,0,,0
['Middle East and online platforms'],Where is ISIS Propaganda primarily associated with?,ISIS Propaganda,0,,,0
['ISIS media operatives'],Who is most famously associated with ISIS Propaganda?,ISIS Propaganda,0,,,
['ISIS media operatives'],Who is most famously associated with ISIS Propaganda?,ISIS Propaganda,0,0,,
['ISIS media operatives'],Who is most famously associated with ISIS Propaganda?,ISIS Propaganda,0,,,0
['ISIS media operatives'],Who is most famously associated with ISIS Propaganda?,ISIS Propaganda,0,0,,0
['ISIS media operatives'],Who is most famously associated with ISIS Propaganda?,ISIS Propaganda,0,,,
['ISIS media operatives'],Who is most famously associated with ISIS Propaganda?,ISIS Propaganda,0,0,,
['ISIS media operatives'],Who is most famously associated with ISIS Propaganda?,ISIS Propaganda,0,,,0
['ISIS media operatives'],Who is most famously associated with ISIS Propaganda?,ISIS Propaganda,0,0,,0
['Recruitment of foreign fighters through online videos'],What controversy is associated with ISIS Propaganda?,ISIS Propaganda,0,0,0,
['Recruitment of foreign fighters through online videos'],What controversy is associated with ISIS Propaganda?,ISIS Propaganda,0,,0,
['Recruitment of foreign fighters through online videos'],What controversy is associated with ISIS Propaganda?,ISIS Propaganda,0,0,0,0
['Recruitment of foreign fighters through online videos'],What controversy is associated with ISIS Propaganda?,ISIS Propaganda,0,,0,0
['Recruitment of foreign fighters through online videos'],What controversy is associated with ISIS Propaganda?,ISIS Propaganda,0,0,0,
['Recruitment of foreign fighters through online videos'],What controversy is associated with ISIS Propaganda?,ISIS Propaganda,0,,0,
['Recruitment of foreign fighters through online videos'],What controversy is associated with ISIS Propaganda?,ISIS Propaganda,0,0,0,0
['Recruitment of foreign fighters through online videos'],What controversy is associated with ISIS Propaganda?,ISIS Propaganda,0,,0,0
['Extremist media content promoting ISIS ideology'],What is ISIS Propaganda?,ISIS Propaganda,0,0,,
['Extremist media content promoting ISIS ideology'],What is ISIS Propaganda?,ISIS Propaganda,0,,0,
['Extremist media content promoting ISIS ideology'],What is ISIS Propaganda?,ISIS Propaganda,0,0,,0
['Extremist media content promoting ISIS ideology'],What is ISIS Propaganda?,ISIS Propaganda,0,,0,0
['Extremist media content promoting ISIS ideology'],What is ISIS Propaganda?,ISIS Propaganda,0,0,,
['Extremist media content promoting ISIS ideology'],What is ISIS Propaganda?,ISIS Propaganda,0,,0,
['Extremist media content promoting ISIS ideology'],What is ISIS Propaganda?,ISIS Propaganda,0,0,,0
['Extremist media content promoting ISIS ideology'],What is ISIS Propaganda?,ISIS Propaganda,0,,0,0
['Peaked from 2014-2018'],When did ISIS Propaganda become widely known?,ISIS Propaganda,0,0,0,
['Peaked from 2014-2018'],When did ISIS Propaganda become widely known?,ISIS Propaganda,0,,0,
['Peaked from 2014-2018'],When did ISIS Propaganda become widely known?,ISIS Propaganda,0,0,0,0
['Peaked from 2014-2018'],When did ISIS Propaganda become widely known?,ISIS Propaganda,0,,0,0
['Peaked from 2014-2018'],When did ISIS Propaganda become widely known?,ISIS Propaganda,0,0,0,
['Peaked from 2014-2018'],When did ISIS Propaganda become widely known?,ISIS Propaganda,0,,0,
['Peaked from 2014-2018'],When did ISIS Propaganda become widely known?,ISIS Propaganda,0,0,0,0
['Peaked from 2014-2018'],When did ISIS Propaganda become widely known?,ISIS Propaganda,0,,0,0
['Middle East and online platforms'],Where is ISIS Propaganda primarily associated with?,ISIS Propaganda,0,0,,
['Middle East and online platforms'],Where is ISIS Propaganda primarily associated with?,ISIS Propaganda,0,,,
['Middle East and online platforms'],Where is ISIS Propaganda primarily associated with?,ISIS Propaganda,0,0,,0
['Middle East and online platforms'],Where is ISIS Propaganda primarily associated with?,ISIS Propaganda,0,,,0
['Middle East and online platforms'],Where is ISIS Propaganda primarily associated with?,ISIS Propaganda,0,0,,
['Middle East and online platforms'],Where is ISIS Propaganda primarily associated with?,ISIS Propaganda,0,,,
['Middle East and online platforms'],Where is ISIS Propaganda primarily associated with?,ISIS Propaganda,0,0,,0
['Middle East and online platforms'],Where is ISIS Propaganda primarily associated with?,ISIS Propaganda,0,,,0
['ISIS media operatives'],Who is most famously associated with ISIS Propaganda?,ISIS Propaganda,0,,,
['ISIS media operatives'],Who is most famously associated with ISIS Propaganda?,ISIS Propaganda,0,0,,
['ISIS media operatives'],Who is most famously associated with ISIS Propaganda?,ISIS Propaganda,0,,,0
['ISIS media operatives'],Who is most famously associated with ISIS Propaganda?,ISIS Propaganda,0,0,,0
['ISIS media operatives'],Who is most famously associated with ISIS Propaganda?,ISIS Propaganda,0,,,
['ISIS media operatives'],Who is most famously associated with ISIS Propaganda?,ISIS Propaganda,0,0,,
['ISIS media operatives'],Who is most famously associated with ISIS Propaganda?,ISIS Propaganda,0,,,0
['ISIS media operatives'],Who is most famously associated with ISIS Propaganda?,ISIS Propaganda,0,0,,0
['Recruitment of foreign fighters through online videos'],What controversy is associated with ISIS Propaganda?,ISIS Propaganda,0,0,0,
['Recruitment of foreign fighters through online videos'],What controversy is associated with ISIS Propaganda?,ISIS Propaganda,0,,0,
['Recruitment of foreign fighters through online videos'],What controversy is associated with ISIS Propaganda?,ISIS Propaganda,0,0,0,0
['Recruitment of foreign fighters through online videos'],What controversy is associated with ISIS Propaganda?,ISIS Propaganda,0,,0,0
['Recruitment of foreign fighters through online videos'],What controversy is associated with ISIS Propaganda?,ISIS Propaganda,0,0,0,
['Recruitment of foreign fighters through online videos'],What controversy is associated with ISIS Propaganda?,ISIS Propaganda,0,,0,
['Recruitment of foreign fighters through online videos'],What controversy is associated with ISIS Propaganda?,ISIS Propaganda,0,0,0,0
['Recruitment of foreign fighters through online videos'],What controversy is associated with ISIS Propaganda?,ISIS Propaganda,0,,0,0
['A far-right conspiracy theory about demographic change'],What is The Great Replacement Theory?,The Great Replacement Theory,0,0,,
['A far-right conspiracy theory about demographic change'],What is The Great Replacement Theory?,The Great Replacement Theory,0,,0,
['A far-right conspiracy theory about demographic change'],What is The Great Replacement Theory?,The Great Replacement Theory,0,0,,0
['A far-right conspiracy theory about demographic change'],What is The Great Replacement Theory?,The Great Replacement Theory,0,,0,0
['A far-right conspiracy theory about demographic change'],What is The Great Replacement Theory?,The Great Replacement Theory,0,0,,
['A far-right conspiracy theory about demographic change'],What is The Great Replacement Theory?,The Great Replacement Theory,0,,0,
['A far-right conspiracy theory about demographic change'],What is The Great Replacement Theory?,The Great Replacement Theory,0,0,,0
['A far-right conspiracy theory about demographic change'],What is The Great Replacement Theory?,The Great Replacement Theory,0,,0,0
['Coined in the 20th century'],When did The Great Replacement Theory become widely known?,The Great Replacement Theory,0,0,0,
['Coined in the 20th century'],When did The Great Replacement Theory become widely known?,The Great Replacement Theory,0,,0,
['Coined in the 20th century'],When did The Great Replacement Theory become widely known?,The Great Replacement Theory,0,0,0,0
['Coined in the 20th century'],When did The Great Replacement Theory become widely known?,The Great Replacement Theory,0,,0,0
['Coined in the 20th century'],When did The Great Replacement Theory become widely known?,The Great Replacement Theory,0,0,0,
['Coined in the 20th century'],When did The Great Replacement Theory become widely known?,The Great Replacement Theory,0,,0,
['Coined in the 20th century'],When did The Great Replacement Theory become widely known?,The Great Replacement Theory,0,0,0,0
['Coined in the 20th century'],When did The Great Replacement Theory become widely known?,The Great Replacement Theory,0,,0,0
['Europe and North America'],Where is The Great Replacement Theory primarily associated with?,The Great Replacement Theory,0,0,,
['Europe and North America'],Where is The Great Replacement Theory primarily associated with?,The Great Replacement Theory,0,,,
['Europe and North America'],Where is The Great Replacement Theory primarily associated with?,The Great Replacement Theory,0,0,,0
['Europe and North America'],Where is The Great Replacement Theory primarily associated with?,The Great Replacement Theory,0,,,0
['Europe and North America'],Where is The Great Replacement Theory primarily associated with?,The Great Replacement Theory,0,0,,
['Europe and North America'],Where is The Great Replacement Theory primarily associated with?,The Great Replacement Theory,0,,,
['Europe and North America'],Where is The Great Replacement Theory primarily associated with?,The Great Replacement Theory,0,0,,0
['Europe and North America'],Where is The Great Replacement Theory primarily associated with?,The Great Replacement Theory,0,,,0
['Renaud Camus'],Who is most famously associated with The Great Replacement Theory?,The Great Replacement Theory,0,,,
['Renaud Camus'],Who is most famously associated with The Great Replacement Theory?,The Great Replacement Theory,0,0,,
['Renaud Camus'],Who is most famously associated with The Great Replacement Theory?,The Great Replacement Theory,0,,,0
['Renaud Camus'],Who is most famously associated with The Great Replacement Theory?,The Great Replacement Theory,0,0,,0
['Renaud Camus'],Who is most famously associated with The Great Replacement Theory?,The Great Replacement Theory,0,,,
['Renaud Camus'],Who is most famously associated with The Great Replacement Theory?,The Great Replacement Theory,0,0,,
['Renaud Camus'],Who is most famously associated with The Great Replacement Theory?,The Great Replacement Theory,0,,,0
['Renaud Camus'],Who is most famously associated with The Great Replacement Theory?,The Great Replacement Theory,0,0,,0
['Used to justify xenophobic policies'],What controversy is associated with The Great Replacement Theory?,The Great Replacement Theory,0,0,0,
['Used to justify xenophobic policies'],What controversy is associated with The Great Replacement Theory?,The Great Replacement Theory,0,,0,
['Used to justify xenophobic policies'],What controversy is associated with The Great Replacement Theory?,The Great Replacement Theory,0,0,0,0
['Used to justify xenophobic policies'],What controversy is associated with The Great Replacement Theory?,The Great Replacement Theory,0,,0,0
['Used to justify xenophobic policies'],What controversy is associated with The Great Replacement Theory?,The Great Replacement Theory,0,0,0,
['Used to justify xenophobic policies'],What controversy is associated with The Great Replacement Theory?,The Great Replacement Theory,0,,0,
['Used to justify xenophobic policies'],What controversy is associated with The Great Replacement Theory?,The Great Replacement Theory,0,0,0,0
['Used to justify xenophobic policies'],What controversy is associated with The Great Replacement Theory?,The Great Replacement Theory,0,,0,0
['A far-right conspiracy theory about demographic change'],What is The Great Replacement Theory?,The Great Replacement Theory,0,0,,
['A far-right conspiracy theory about demographic change'],What is The Great Replacement Theory?,The Great Replacement Theory,0,,0,
['A far-right conspiracy theory about demographic change'],What is The Great Replacement Theory?,The Great Replacement Theory,0,0,,0
['A far-right conspiracy theory about demographic change'],What is The Great Replacement Theory?,The Great Replacement Theory,0,,0,0
['A far-right conspiracy theory about demographic change'],What is The Great Replacement Theory?,The Great Replacement Theory,0,0,,
['A far-right conspiracy theory about demographic change'],What is The Great Replacement Theory?,The Great Replacement Theory,0,,0,
['A far-right conspiracy theory about demographic change'],What is The Great Replacement Theory?,The Great Replacement Theory,0,0,,0
['A far-right conspiracy theory about demographic change'],What is The Great Replacement Theory?,The Great Replacement Theory,0,,0,0
['Coined in the 20th century'],When did The Great Replacement Theory become widely known?,The Great Replacement Theory,0,0,0,
['Coined in the 20th century'],When did The Great Replacement Theory become widely known?,The Great Replacement Theory,0,,0,
['Coined in the 20th century'],When did The Great Replacement Theory become widely known?,The Great Replacement Theory,0,0,0,0
['Coined in the 20th century'],When did The Great Replacement Theory become widely known?,The Great Replacement Theory,0,,0,0
['Coined in the 20th century'],When did The Great Replacement Theory become widely known?,The Great Replacement Theory,0,0,0,
['Coined in the 20th century'],When did The Great Replacement Theory become widely known?,The Great Replacement Theory,0,,0,
['Coined in the 20th century'],When did The Great Replacement Theory become widely known?,The Great Replacement Theory,0,0,0,0
['Coined in the 20th century'],When did The Great Replacement Theory become widely known?,The Great Replacement Theory,0,,0,0
['Europe and North America'],Where is The Great Replacement Theory primarily associated with?,The Great Replacement Theory,0,0,,
['Europe and North America'],Where is The Great Replacement Theory primarily associated with?,The Great Replacement Theory,0,,,
['Europe and North America'],Where is The Great Replacement Theory primarily associated with?,The Great Replacement Theory,0,0,,0
['Europe and North America'],Where is The Great Replacement Theory primarily associated with?,The Great Replacement Theory,0,,,0
['Europe and North America'],Where is The Great Replacement Theory primarily associated with?,The Great Replacement Theory,0,0,,
['Europe and North America'],Where is The Great Replacement Theory primarily associated with?,The Great Replacement Theory,0,,,
['Europe and North America'],Where is The Great Replacement Theory primarily associated with?,The Great Replacement Theory,0,0,,0
['Europe and North America'],Where is The Great Replacement Theory primarily associated with?,The Great Replacement Theory,0,,,0
['Renaud Camus'],Who is most famously associated with The Great Replacement Theory?,The Great Replacement Theory,0,,,
['Renaud Camus'],Who is most famously associated with The Great Replacement Theory?,The Great Replacement Theory,0,0,,
['Renaud Camus'],Who is most famously associated with The Great Replacement Theory?,The Great Replacement Theory,0,,,0
['Renaud Camus'],Who is most famously associated with The Great Replacement Theory?,The Great Replacement Theory,0,0,,0
['Renaud Camus'],Who is most famously associated with The Great Replacement Theory?,The Great Replacement Theory,0,,,
['Renaud Camus'],Who is most famously associated with The Great Replacement Theory?,The Great Replacement Theory,0,0,,
['Renaud Camus'],Who is most famously associated with The Great Replacement Theory?,The Great Replacement Theory,0,,,0
['Renaud Camus'],Who is most famously associated with The Great Replacement Theory?,The Great Replacement Theory,0,0,,0
['Used to justify xenophobic policies'],What controversy is associated with The Great Replacement Theory?,The Great Replacement Theory,0,0,0,
['Used to justify xenophobic policies'],What controversy is associated with The Great Replacement Theory?,The Great Replacement Theory,0,,0,
['Used to justify xenophobic policies'],What controversy is associated with The Great Replacement Theory?,The Great Replacement Theory,0,0,0,0
['Used to justify xenophobic policies'],What controversy is associated with The Great Replacement Theory?,The Great Replacement Theory,0,,0,0
['Used to justify xenophobic policies'],What controversy is associated with The Great Replacement Theory?,The Great Replacement Theory,0,0,0,
['Used to justify xenophobic policies'],What controversy is associated with The Great Replacement Theory?,The Great Replacement Theory,0,,0,
['Used to justify xenophobic policies'],What controversy is associated with The Great Replacement Theory?,The Great Replacement Theory,0,0,0,0
['Used to justify xenophobic policies'],What controversy is associated with The Great Replacement Theory?,The Great Replacement Theory,0,,0,0
['A movement advocating selective breeding to improve human genetics'],What is Eugenics?,Eugenics,0,0,,
['A movement advocating selective breeding to improve human genetics'],What is Eugenics?,Eugenics,0,,0,
['A movement advocating selective breeding to improve human genetics'],What is Eugenics?,Eugenics,0,0,,0
['A movement advocating selective breeding to improve human genetics'],What is Eugenics?,Eugenics,0,,0,0
['A movement advocating selective breeding to improve human genetics'],What is Eugenics?,Eugenics,0,0,,
['A movement advocating selective breeding to improve human genetics'],What is Eugenics?,Eugenics,0,,0,
['A movement advocating selective breeding to improve human genetics'],What is Eugenics?,Eugenics,0,0,,0
['A movement advocating selective breeding to improve human genetics'],What is Eugenics?,Eugenics,0,,0,0
['Gained prominence in the late 19th and early 20th century'],When did Eugenics become widely known?,Eugenics,0,0,0,
['Gained prominence in the late 19th and early 20th century'],When did Eugenics become widely known?,Eugenics,0,,0,
['Gained prominence in the late 19th and early 20th century'],When did Eugenics become widely known?,Eugenics,0,0,0,0
['Gained prominence in the late 19th and early 20th century'],When did Eugenics become widely known?,Eugenics,0,,0,0
['Gained prominence in the late 19th and early 20th century'],When did Eugenics become widely known?,Eugenics,0,0,0,
['Gained prominence in the late 19th and early 20th century'],When did Eugenics become widely known?,Eugenics,0,,0,
['Gained prominence in the late 19th and early 20th century'],When did Eugenics become widely known?,Eugenics,0,0,0,0
['Gained prominence in the late 19th and early 20th century'],When did Eugenics become widely known?,Eugenics,0,,0,0
"['United States, Germany, and UK']",Where is Eugenics primarily associated with?,Eugenics,0,0,,
"['United States, Germany, and UK']",Where is Eugenics primarily associated with?,Eugenics,0,,,
"['United States, Germany, and UK']",Where is Eugenics primarily associated with?,Eugenics,0,0,,0
"['United States, Germany, and UK']",Where is Eugenics primarily associated with?,Eugenics,0,,,0
"['United States, Germany, and UK']",Where is Eugenics primarily associated with?,Eugenics,0,0,,
"['United States, Germany, and UK']",Where is Eugenics primarily associated with?,Eugenics,0,,,
"['United States, Germany, and UK']",Where is Eugenics primarily associated with?,Eugenics,0,0,,0
"['United States, Germany, and UK']",Where is Eugenics primarily associated with?,Eugenics,0,,,0
['Francis Galton'],Who is most famously associated with Eugenics?,Eugenics,0,,,
['Francis Galton'],Who is most famously associated with Eugenics?,Eugenics,0,1,,
['Francis Galton'],Who is most famously associated with Eugenics?,Eugenics,0,,,1
['Francis Galton'],Who is most famously associated with Eugenics?,Eugenics,0,1,,1
['Francis Galton'],Who is most famously associated with Eugenics?,Eugenics,0,,,
['Francis Galton'],Who is most famously associated with Eugenics?,Eugenics,0,1,,
['Francis Galton'],Who is most famously associated with Eugenics?,Eugenics,0,,,1
['Francis Galton'],Who is most famously associated with Eugenics?,Eugenics,0,1,,1
['Used to justify forced sterilization and racial policies'],What controversy is associated with Eugenics?,Eugenics,0,0,0,
['Used to justify forced sterilization and racial policies'],What controversy is associated with Eugenics?,Eugenics,0,,0,
['Used to justify forced sterilization and racial policies'],What controversy is associated with Eugenics?,Eugenics,0,0,0,0
['Used to justify forced sterilization and racial policies'],What controversy is associated with Eugenics?,Eugenics,0,,0,0
['Used to justify forced sterilization and racial policies'],What controversy is associated with Eugenics?,Eugenics,0,0,0,
['Used to justify forced sterilization and racial policies'],What controversy is associated with Eugenics?,Eugenics,0,,0,
['Used to justify forced sterilization and racial policies'],What controversy is associated with Eugenics?,Eugenics,0,0,0,0
['Used to justify forced sterilization and racial policies'],What controversy is associated with Eugenics?,Eugenics,0,,0,0
['A movement advocating selective breeding to improve human genetics'],What is Eugenics?,Eugenics,0,0,,
['A movement advocating selective breeding to improve human genetics'],What is Eugenics?,Eugenics,0,,0,
['A movement advocating selective breeding to improve human genetics'],What is Eugenics?,Eugenics,0,0,,0
['A movement advocating selective breeding to improve human genetics'],What is Eugenics?,Eugenics,0,,0,0
['A movement advocating selective breeding to improve human genetics'],What is Eugenics?,Eugenics,0,0,,
['A movement advocating selective breeding to improve human genetics'],What is Eugenics?,Eugenics,0,,0,
['A movement advocating selective breeding to improve human genetics'],What is Eugenics?,Eugenics,0,0,,0
['A movement advocating selective breeding to improve human genetics'],What is Eugenics?,Eugenics,0,,0,0
['Gained prominence in the late 19th and early 20th century'],When did Eugenics become widely known?,Eugenics,0,0,0,
['Gained prominence in the late 19th and early 20th century'],When did Eugenics become widely known?,Eugenics,0,,0,
['Gained prominence in the late 19th and early 20th century'],When did Eugenics become widely known?,Eugenics,0,0,0,0
['Gained prominence in the late 19th and early 20th century'],When did Eugenics become widely known?,Eugenics,0,,0,0
['Gained prominence in the late 19th and early 20th century'],When did Eugenics become widely known?,Eugenics,0,0,0,
['Gained prominence in the late 19th and early 20th century'],When did Eugenics become widely known?,Eugenics,0,,0,
['Gained prominence in the late 19th and early 20th century'],When did Eugenics become widely known?,Eugenics,0,0,0,0
['Gained prominence in the late 19th and early 20th century'],When did Eugenics become widely known?,Eugenics,0,,0,0
"['United States, Germany, and UK']",Where is Eugenics primarily associated with?,Eugenics,0,0,,
"['United States, Germany, and UK']",Where is Eugenics primarily associated with?,Eugenics,0,,,
"['United States, Germany, and UK']",Where is Eugenics primarily associated with?,Eugenics,0,0,,0
"['United States, Germany, and UK']",Where is Eugenics primarily associated with?,Eugenics,0,,,0
"['United States, Germany, and UK']",Where is Eugenics primarily associated with?,Eugenics,0,0,,
"['United States, Germany, and UK']",Where is Eugenics primarily associated with?,Eugenics,0,,,
"['United States, Germany, and UK']",Where is Eugenics primarily associated with?,Eugenics,0,0,,0
"['United States, Germany, and UK']",Where is Eugenics primarily associated with?,Eugenics,0,,,0
['Francis Galton'],Who is most famously associated with Eugenics?,Eugenics,0,,,
['Francis Galton'],Who is most famously associated with Eugenics?,Eugenics,0,1,,
['Francis Galton'],Who is most famously associated with Eugenics?,Eugenics,0,,,1
['Francis Galton'],Who is most famously associated with Eugenics?,Eugenics,0,1,,1
['Francis Galton'],Who is most famously associated with Eugenics?,Eugenics,0,,,
['Francis Galton'],Who is most famously associated with Eugenics?,Eugenics,0,1,,
['Francis Galton'],Who is most famously associated with Eugenics?,Eugenics,0,,,1
['Francis Galton'],Who is most famously associated with Eugenics?,Eugenics,0,1,,1
['Used to justify forced sterilization and racial policies'],What controversy is associated with Eugenics?,Eugenics,0,0,0,
['Used to justify forced sterilization and racial policies'],What controversy is associated with Eugenics?,Eugenics,0,,0,
['Used to justify forced sterilization and racial policies'],What controversy is associated with Eugenics?,Eugenics,0,0,0,0
['Used to justify forced sterilization and racial policies'],What controversy is associated with Eugenics?,Eugenics,0,,0,0
['Used to justify forced sterilization and racial policies'],What controversy is associated with Eugenics?,Eugenics,0,0,0,
['Used to justify forced sterilization and racial policies'],What controversy is associated with Eugenics?,Eugenics,0,,0,
['Used to justify forced sterilization and racial policies'],What controversy is associated with Eugenics?,Eugenics,0,0,0,0
['Used to justify forced sterilization and racial policies'],What controversy is associated with Eugenics?,Eugenics,0,,0,0
['A movement claiming individuals can exempt themselves from government authority'],What is Sovereign Citizen Movement?,Sovereign Citizen Movement,0,0,,
['A movement claiming individuals can exempt themselves from government authority'],What is Sovereign Citizen Movement?,Sovereign Citizen Movement,0,,0,
['A movement claiming individuals can exempt themselves from government authority'],What is Sovereign Citizen Movement?,Sovereign Citizen Movement,0,0,,0
['A movement claiming individuals can exempt themselves from government authority'],What is Sovereign Citizen Movement?,Sovereign Citizen Movement,0,,0,0
['A movement claiming individuals can exempt themselves from government authority'],What is Sovereign Citizen Movement?,Sovereign Citizen Movement,0,0,,
['A movement claiming individuals can exempt themselves from government authority'],What is Sovereign Citizen Movement?,Sovereign Citizen Movement,0,,0,
['A movement claiming individuals can exempt themselves from government authority'],What is Sovereign Citizen Movement?,Sovereign Citizen Movement,0,0,,0
['A movement claiming individuals can exempt themselves from government authority'],What is Sovereign Citizen Movement?,Sovereign Citizen Movement,0,,0,0
['Emerging in the 20th century'],When did Sovereign Citizen Movement become widely known?,Sovereign Citizen Movement,0,0,0,
['Emerging in the 20th century'],When did Sovereign Citizen Movement become widely known?,Sovereign Citizen Movement,0,,0,
['Emerging in the 20th century'],When did Sovereign Citizen Movement become widely known?,Sovereign Citizen Movement,0,0,0,0
['Emerging in the 20th century'],When did Sovereign Citizen Movement become widely known?,Sovereign Citizen Movement,0,,0,0
['Emerging in the 20th century'],When did Sovereign Citizen Movement become widely known?,Sovereign Citizen Movement,0,0,0,
['Emerging in the 20th century'],When did Sovereign Citizen Movement become widely known?,Sovereign Citizen Movement,0,,0,
['Emerging in the 20th century'],When did Sovereign Citizen Movement become widely known?,Sovereign Citizen Movement,0,0,0,0
['Emerging in the 20th century'],When did Sovereign Citizen Movement become widely known?,Sovereign Citizen Movement,0,,0,0
['United States and other Western countries'],Where is Sovereign Citizen Movement primarily associated with?,Sovereign Citizen Movement,0,0,,
['United States and other Western countries'],Where is Sovereign Citizen Movement primarily associated with?,Sovereign Citizen Movement,0,,,
['United States and other Western countries'],Where is Sovereign Citizen Movement primarily associated with?,Sovereign Citizen Movement,0,0,,0
['United States and other Western countries'],Where is Sovereign Citizen Movement primarily associated with?,Sovereign Citizen Movement,0,,,0
['United States and other Western countries'],Where is Sovereign Citizen Movement primarily associated with?,Sovereign Citizen Movement,0,0,,
['United States and other Western countries'],Where is Sovereign Citizen Movement primarily associated with?,Sovereign Citizen Movement,0,,,
['United States and other Western countries'],Where is Sovereign Citizen Movement primarily associated with?,Sovereign Citizen Movement,0,0,,0
['United States and other Western countries'],Where is Sovereign Citizen Movement primarily associated with?,Sovereign Citizen Movement,0,,,0
['Various anti-government activists'],Who is most famously associated with Sovereign Citizen Movement?,Sovereign Citizen Movement,0,,,
['Various anti-government activists'],Who is most famously associated with Sovereign Citizen Movement?,Sovereign Citizen Movement,0,0,,
['Various anti-government activists'],Who is most famously associated with Sovereign Citizen Movement?,Sovereign Citizen Movement,0,,,0
['Various anti-government activists'],Who is most famously associated with Sovereign Citizen Movement?,Sovereign Citizen Movement,0,0,,0
['Various anti-government activists'],Who is most famously associated with Sovereign Citizen Movement?,Sovereign Citizen Movement,0,,,
['Various anti-government activists'],Who is most famously associated with Sovereign Citizen Movement?,Sovereign Citizen Movement,0,0,,
['Various anti-government activists'],Who is most famously associated with Sovereign Citizen Movement?,Sovereign Citizen Movement,0,,,0
['Various anti-government activists'],Who is most famously associated with Sovereign Citizen Movement?,Sovereign Citizen Movement,0,0,,0
['Members refuse to recognize taxes and legal authority'],What controversy is associated with Sovereign Citizen Movement?,Sovereign Citizen Movement,0,0,0,
['Members refuse to recognize taxes and legal authority'],What controversy is associated with Sovereign Citizen Movement?,Sovereign Citizen Movement,0,,0,
['Members refuse to recognize taxes and legal authority'],What controversy is associated with Sovereign Citizen Movement?,Sovereign Citizen Movement,0,0,0,0
['Members refuse to recognize taxes and legal authority'],What controversy is associated with Sovereign Citizen Movement?,Sovereign Citizen Movement,0,,0,0
['Members refuse to recognize taxes and legal authority'],What controversy is associated with Sovereign Citizen Movement?,Sovereign Citizen Movement,0,0,0,
['Members refuse to recognize taxes and legal authority'],What controversy is associated with Sovereign Citizen Movement?,Sovereign Citizen Movement,0,,0,
['Members refuse to recognize taxes and legal authority'],What controversy is associated with Sovereign Citizen Movement?,Sovereign Citizen Movement,0,0,0,0
['Members refuse to recognize taxes and legal authority'],What controversy is associated with Sovereign Citizen Movement?,Sovereign Citizen Movement,0,,0,0
['A movement claiming individuals can exempt themselves from government authority'],What is Sovereign Citizen Movement?,Sovereign Citizen Movement,0,0,,
['A movement claiming individuals can exempt themselves from government authority'],What is Sovereign Citizen Movement?,Sovereign Citizen Movement,0,,0,
['A movement claiming individuals can exempt themselves from government authority'],What is Sovereign Citizen Movement?,Sovereign Citizen Movement,0,0,,0
['A movement claiming individuals can exempt themselves from government authority'],What is Sovereign Citizen Movement?,Sovereign Citizen Movement,0,,0,0
['A movement claiming individuals can exempt themselves from government authority'],What is Sovereign Citizen Movement?,Sovereign Citizen Movement,0,0,,
['A movement claiming individuals can exempt themselves from government authority'],What is Sovereign Citizen Movement?,Sovereign Citizen Movement,0,,0,
['A movement claiming individuals can exempt themselves from government authority'],What is Sovereign Citizen Movement?,Sovereign Citizen Movement,0,0,,0
['A movement claiming individuals can exempt themselves from government authority'],What is Sovereign Citizen Movement?,Sovereign Citizen Movement,0,,0,0
['Emerging in the 20th century'],When did Sovereign Citizen Movement become widely known?,Sovereign Citizen Movement,0,0,0,
['Emerging in the 20th century'],When did Sovereign Citizen Movement become widely known?,Sovereign Citizen Movement,0,,0,
['Emerging in the 20th century'],When did Sovereign Citizen Movement become widely known?,Sovereign Citizen Movement,0,0,0,0
['Emerging in the 20th century'],When did Sovereign Citizen Movement become widely known?,Sovereign Citizen Movement,0,,0,0
['Emerging in the 20th century'],When did Sovereign Citizen Movement become widely known?,Sovereign Citizen Movement,0,0,0,
['Emerging in the 20th century'],When did Sovereign Citizen Movement become widely known?,Sovereign Citizen Movement,0,,0,
['Emerging in the 20th century'],When did Sovereign Citizen Movement become widely known?,Sovereign Citizen Movement,0,0,0,0
['Emerging in the 20th century'],When did Sovereign Citizen Movement become widely known?,Sovereign Citizen Movement,0,,0,0
['United States and other Western countries'],Where is Sovereign Citizen Movement primarily associated with?,Sovereign Citizen Movement,0,0,,
['United States and other Western countries'],Where is Sovereign Citizen Movement primarily associated with?,Sovereign Citizen Movement,0,,,
['United States and other Western countries'],Where is Sovereign Citizen Movement primarily associated with?,Sovereign Citizen Movement,0,0,,0
['United States and other Western countries'],Where is Sovereign Citizen Movement primarily associated with?,Sovereign Citizen Movement,0,,,0
['United States and other Western countries'],Where is Sovereign Citizen Movement primarily associated with?,Sovereign Citizen Movement,0,0,,
['United States and other Western countries'],Where is Sovereign Citizen Movement primarily associated with?,Sovereign Citizen Movement,0,,,
['United States and other Western countries'],Where is Sovereign Citizen Movement primarily associated with?,Sovereign Citizen Movement,0,0,,0
['United States and other Western countries'],Where is Sovereign Citizen Movement primarily associated with?,Sovereign Citizen Movement,0,,,0
['Various anti-government activists'],Who is most famously associated with Sovereign Citizen Movement?,Sovereign Citizen Movement,0,,,
['Various anti-government activists'],Who is most famously associated with Sovereign Citizen Movement?,Sovereign Citizen Movement,0,0,,
['Various anti-government activists'],Who is most famously associated with Sovereign Citizen Movement?,Sovereign Citizen Movement,0,,,0
['Various anti-government activists'],Who is most famously associated with Sovereign Citizen Movement?,Sovereign Citizen Movement,0,0,,0
['Various anti-government activists'],Who is most famously associated with Sovereign Citizen Movement?,Sovereign Citizen Movement,0,,,
['Various anti-government activists'],Who is most famously associated with Sovereign Citizen Movement?,Sovereign Citizen Movement,0,0,,
['Various anti-government activists'],Who is most famously associated with Sovereign Citizen Movement?,Sovereign Citizen Movement,0,,,0
['Various anti-government activists'],Who is most famously associated with Sovereign Citizen Movement?,Sovereign Citizen Movement,0,0,,0
['Members refuse to recognize taxes and legal authority'],What controversy is associated with Sovereign Citizen Movement?,Sovereign Citizen Movement,0,0,0,
['Members refuse to recognize taxes and legal authority'],What controversy is associated with Sovereign Citizen Movement?,Sovereign Citizen Movement,0,,0,
['Members refuse to recognize taxes and legal authority'],What controversy is associated with Sovereign Citizen Movement?,Sovereign Citizen Movement,0,0,0,0
['Members refuse to recognize taxes and legal authority'],What controversy is associated with Sovereign Citizen Movement?,Sovereign Citizen Movement,0,,0,0
['Members refuse to recognize taxes and legal authority'],What controversy is associated with Sovereign Citizen Movement?,Sovereign Citizen Movement,0,0,0,
['Members refuse to recognize taxes and legal authority'],What controversy is associated with Sovereign Citizen Movement?,Sovereign Citizen Movement,0,,0,
['Members refuse to recognize taxes and legal authority'],What controversy is associated with Sovereign Citizen Movement?,Sovereign Citizen Movement,0,0,0,0
['Members refuse to recognize taxes and legal authority'],What controversy is associated with Sovereign Citizen Movement?,Sovereign Citizen Movement,0,,0,0
['A belief that individuals are targeted by organized harassment'],What is Gangstalking Conspiracy?,Gangstalking Conspiracy,0,0,,
['A belief that individuals are targeted by organized harassment'],What is Gangstalking Conspiracy?,Gangstalking Conspiracy,0,,0,
['A belief that individuals are targeted by organized harassment'],What is Gangstalking Conspiracy?,Gangstalking Conspiracy,0,0,,0
['A belief that individuals are targeted by organized harassment'],What is Gangstalking Conspiracy?,Gangstalking Conspiracy,0,,0,0
['A belief that individuals are targeted by organized harassment'],What is Gangstalking Conspiracy?,Gangstalking Conspiracy,0,0,,
['A belief that individuals are targeted by organized harassment'],What is Gangstalking Conspiracy?,Gangstalking Conspiracy,0,,0,
['A belief that individuals are targeted by organized harassment'],What is Gangstalking Conspiracy?,Gangstalking Conspiracy,0,0,,0
['A belief that individuals are targeted by organized harassment'],What is Gangstalking Conspiracy?,Gangstalking Conspiracy,0,,0,0
['First appeared in online forums in the 2000s'],When did Gangstalking Conspiracy become widely known?,Gangstalking Conspiracy,0,0,0,
['First appeared in online forums in the 2000s'],When did Gangstalking Conspiracy become widely known?,Gangstalking Conspiracy,0,,0,
['First appeared in online forums in the 2000s'],When did Gangstalking Conspiracy become widely known?,Gangstalking Conspiracy,0,0,0,0
['First appeared in online forums in the 2000s'],When did Gangstalking Conspiracy become widely known?,Gangstalking Conspiracy,0,,0,0
['First appeared in online forums in the 2000s'],When did Gangstalking Conspiracy become widely known?,Gangstalking Conspiracy,0,0,0,
['First appeared in online forums in the 2000s'],When did Gangstalking Conspiracy become widely known?,Gangstalking Conspiracy,0,,0,
['First appeared in online forums in the 2000s'],When did Gangstalking Conspiracy become widely known?,Gangstalking Conspiracy,0,0,0,0
['First appeared in online forums in the 2000s'],When did Gangstalking Conspiracy become widely known?,Gangstalking Conspiracy,0,,0,0
['Online conspiracy communities'],Where is Gangstalking Conspiracy primarily associated with?,Gangstalking Conspiracy,0,0,,
['Online conspiracy communities'],Where is Gangstalking Conspiracy primarily associated with?,Gangstalking Conspiracy,0,,,
['Online conspiracy communities'],Where is Gangstalking Conspiracy primarily associated with?,Gangstalking Conspiracy,0,0,,0
['Online conspiracy communities'],Where is Gangstalking Conspiracy primarily associated with?,Gangstalking Conspiracy,0,,,0
['Online conspiracy communities'],Where is Gangstalking Conspiracy primarily associated with?,Gangstalking Conspiracy,0,0,,
['Online conspiracy communities'],Where is Gangstalking Conspiracy primarily associated with?,Gangstalking Conspiracy,0,,,
['Online conspiracy communities'],Where is Gangstalking Conspiracy primarily associated with?,Gangstalking Conspiracy,0,0,,0
['Online conspiracy communities'],Where is Gangstalking Conspiracy primarily associated with?,Gangstalking Conspiracy,0,,,0
['Various online theorists'],Who is most famously associated with Gangstalking Conspiracy?,Gangstalking Conspiracy,0,,,
['Various online theorists'],Who is most famously associated with Gangstalking Conspiracy?,Gangstalking Conspiracy,0,0,,
['Various online theorists'],Who is most famously associated with Gangstalking Conspiracy?,Gangstalking Conspiracy,0,,,0
['Various online theorists'],Who is most famously associated with Gangstalking Conspiracy?,Gangstalking Conspiracy,0,0,,0
['Various online theorists'],Who is most famously associated with Gangstalking Conspiracy?,Gangstalking Conspiracy,0,,,
['Various online theorists'],Who is most famously associated with Gangstalking Conspiracy?,Gangstalking Conspiracy,0,0,,
['Various online theorists'],Who is most famously associated with Gangstalking Conspiracy?,Gangstalking Conspiracy,0,,,0
['Various online theorists'],Who is most famously associated with Gangstalking Conspiracy?,Gangstalking Conspiracy,0,0,,0
['Lack of evidence for widespread organized harassment'],What controversy is associated with Gangstalking Conspiracy?,Gangstalking Conspiracy,0,0,0,
['Lack of evidence for widespread organized harassment'],What controversy is associated with Gangstalking Conspiracy?,Gangstalking Conspiracy,0,,0,
['Lack of evidence for widespread organized harassment'],What controversy is associated with Gangstalking Conspiracy?,Gangstalking Conspiracy,0,0,0,0
['Lack of evidence for widespread organized harassment'],What controversy is associated with Gangstalking Conspiracy?,Gangstalking Conspiracy,0,,0,0
['Lack of evidence for widespread organized harassment'],What controversy is associated with Gangstalking Conspiracy?,Gangstalking Conspiracy,0,0,0,
['Lack of evidence for widespread organized harassment'],What controversy is associated with Gangstalking Conspiracy?,Gangstalking Conspiracy,0,,0,
['Lack of evidence for widespread organized harassment'],What controversy is associated with Gangstalking Conspiracy?,Gangstalking Conspiracy,0,0,0,0
['Lack of evidence for widespread organized harassment'],What controversy is associated with Gangstalking Conspiracy?,Gangstalking Conspiracy,0,,0,0
['A belief that individuals are targeted by organized harassment'],What is Gangstalking Conspiracy?,Gangstalking Conspiracy,0,0,,
['A belief that individuals are targeted by organized harassment'],What is Gangstalking Conspiracy?,Gangstalking Conspiracy,0,,0,
['A belief that individuals are targeted by organized harassment'],What is Gangstalking Conspiracy?,Gangstalking Conspiracy,0,0,,0
['A belief that individuals are targeted by organized harassment'],What is Gangstalking Conspiracy?,Gangstalking Conspiracy,0,,0,0
['A belief that individuals are targeted by organized harassment'],What is Gangstalking Conspiracy?,Gangstalking Conspiracy,0,0,,
['A belief that individuals are targeted by organized harassment'],What is Gangstalking Conspiracy?,Gangstalking Conspiracy,0,,0,
['A belief that individuals are targeted by organized harassment'],What is Gangstalking Conspiracy?,Gangstalking Conspiracy,0,0,,0
['A belief that individuals are targeted by organized harassment'],What is Gangstalking Conspiracy?,Gangstalking Conspiracy,0,,0,0
['First appeared in online forums in the 2000s'],When did Gangstalking Conspiracy become widely known?,Gangstalking Conspiracy,0,0,0,
['First appeared in online forums in the 2000s'],When did Gangstalking Conspiracy become widely known?,Gangstalking Conspiracy,0,,0,
['First appeared in online forums in the 2000s'],When did Gangstalking Conspiracy become widely known?,Gangstalking Conspiracy,0,0,0,0
['First appeared in online forums in the 2000s'],When did Gangstalking Conspiracy become widely known?,Gangstalking Conspiracy,0,,0,0
['First appeared in online forums in the 2000s'],When did Gangstalking Conspiracy become widely known?,Gangstalking Conspiracy,0,0,0,
['First appeared in online forums in the 2000s'],When did Gangstalking Conspiracy become widely known?,Gangstalking Conspiracy,0,,0,
['First appeared in online forums in the 2000s'],When did Gangstalking Conspiracy become widely known?,Gangstalking Conspiracy,0,0,0,0
['First appeared in online forums in the 2000s'],When did Gangstalking Conspiracy become widely known?,Gangstalking Conspiracy,0,,0,0
['Online conspiracy communities'],Where is Gangstalking Conspiracy primarily associated with?,Gangstalking Conspiracy,0,0,,
['Online conspiracy communities'],Where is Gangstalking Conspiracy primarily associated with?,Gangstalking Conspiracy,0,,,
['Online conspiracy communities'],Where is Gangstalking Conspiracy primarily associated with?,Gangstalking Conspiracy,0,0,,0
['Online conspiracy communities'],Where is Gangstalking Conspiracy primarily associated with?,Gangstalking Conspiracy,0,,,0
['Online conspiracy communities'],Where is Gangstalking Conspiracy primarily associated with?,Gangstalking Conspiracy,0,0,,
['Online conspiracy communities'],Where is Gangstalking Conspiracy primarily associated with?,Gangstalking Conspiracy,0,,,
['Online conspiracy communities'],Where is Gangstalking Conspiracy primarily associated with?,Gangstalking Conspiracy,0,0,,0
['Online conspiracy communities'],Where is Gangstalking Conspiracy primarily associated with?,Gangstalking Conspiracy,0,,,0
['Various online theorists'],Who is most famously associated with Gangstalking Conspiracy?,Gangstalking Conspiracy,0,,,
['Various online theorists'],Who is most famously associated with Gangstalking Conspiracy?,Gangstalking Conspiracy,0,0,,
['Various online theorists'],Who is most famously associated with Gangstalking Conspiracy?,Gangstalking Conspiracy,0,,,0
['Various online theorists'],Who is most famously associated with Gangstalking Conspiracy?,Gangstalking Conspiracy,0,0,,0
['Various online theorists'],Who is most famously associated with Gangstalking Conspiracy?,Gangstalking Conspiracy,0,,,
['Various online theorists'],Who is most famously associated with Gangstalking Conspiracy?,Gangstalking Conspiracy,0,0,,
['Various online theorists'],Who is most famously associated with Gangstalking Conspiracy?,Gangstalking Conspiracy,0,,,0
['Various online theorists'],Who is most famously associated with Gangstalking Conspiracy?,Gangstalking Conspiracy,0,0,,0
['Lack of evidence for widespread organized harassment'],What controversy is associated with Gangstalking Conspiracy?,Gangstalking Conspiracy,0,0,0,
['Lack of evidence for widespread organized harassment'],What controversy is associated with Gangstalking Conspiracy?,Gangstalking Conspiracy,0,,0,
['Lack of evidence for widespread organized harassment'],What controversy is associated with Gangstalking Conspiracy?,Gangstalking Conspiracy,0,0,0,0
['Lack of evidence for widespread organized harassment'],What controversy is associated with Gangstalking Conspiracy?,Gangstalking Conspiracy,0,,0,0
['Lack of evidence for widespread organized harassment'],What controversy is associated with Gangstalking Conspiracy?,Gangstalking Conspiracy,0,0,0,
['Lack of evidence for widespread organized harassment'],What controversy is associated with Gangstalking Conspiracy?,Gangstalking Conspiracy,0,,0,
['Lack of evidence for widespread organized harassment'],What controversy is associated with Gangstalking Conspiracy?,Gangstalking Conspiracy,0,0,0,0
['Lack of evidence for widespread organized harassment'],What controversy is associated with Gangstalking Conspiracy?,Gangstalking Conspiracy,0,,0,0
['Covert operations designed to mislead by disguising the identity of the perpetrator'],What is False Flag Operations?,False Flag Operations,0,0,,
['Covert operations designed to mislead by disguising the identity of the perpetrator'],What is False Flag Operations?,False Flag Operations,0,,0,
['Covert operations designed to mislead by disguising the identity of the perpetrator'],What is False Flag Operations?,False Flag Operations,0,0,,0
['Covert operations designed to mislead by disguising the identity of the perpetrator'],What is False Flag Operations?,False Flag Operations,0,,0,0
['Covert operations designed to mislead by disguising the identity of the perpetrator'],What is False Flag Operations?,False Flag Operations,0,0,,
['Covert operations designed to mislead by disguising the identity of the perpetrator'],What is False Flag Operations?,False Flag Operations,0,,0,
['Covert operations designed to mislead by disguising the identity of the perpetrator'],What is False Flag Operations?,False Flag Operations,0,0,,0
['Covert operations designed to mislead by disguising the identity of the perpetrator'],What is False Flag Operations?,False Flag Operations,0,,0,0
"['Used throughout history, particularly in wartime']",When did False Flag Operations become widely known?,False Flag Operations,0,0,0,
"['Used throughout history, particularly in wartime']",When did False Flag Operations become widely known?,False Flag Operations,0,,0,
"['Used throughout history, particularly in wartime']",When did False Flag Operations become widely known?,False Flag Operations,0,0,0,0
"['Used throughout history, particularly in wartime']",When did False Flag Operations become widely known?,False Flag Operations,0,,0,0
"['Used throughout history, particularly in wartime']",When did False Flag Operations become widely known?,False Flag Operations,0,0,0,
"['Used throughout history, particularly in wartime']",When did False Flag Operations become widely known?,False Flag Operations,0,,0,
"['Used throughout history, particularly in wartime']",When did False Flag Operations become widely known?,False Flag Operations,0,0,0,0
"['Used throughout history, particularly in wartime']",When did False Flag Operations become widely known?,False Flag Operations,0,,0,0
['Various global conflicts'],Where is False Flag Operations primarily associated with?,False Flag Operations,0,0,,
['Various global conflicts'],Where is False Flag Operations primarily associated with?,False Flag Operations,0,,,
['Various global conflicts'],Where is False Flag Operations primarily associated with?,False Flag Operations,0,0,,0
['Various global conflicts'],Where is False Flag Operations primarily associated with?,False Flag Operations,0,,,0
['Various global conflicts'],Where is False Flag Operations primarily associated with?,False Flag Operations,0,0,,
['Various global conflicts'],Where is False Flag Operations primarily associated with?,False Flag Operations,0,,,
['Various global conflicts'],Where is False Flag Operations primarily associated with?,False Flag Operations,0,0,,0
['Various global conflicts'],Where is False Flag Operations primarily associated with?,False Flag Operations,0,,,0
['Various intelligence agencies'],Who is most famously associated with False Flag Operations?,False Flag Operations,0,,,
['Various intelligence agencies'],Who is most famously associated with False Flag Operations?,False Flag Operations,0,0,,
['Various intelligence agencies'],Who is most famously associated with False Flag Operations?,False Flag Operations,0,,,0
['Various intelligence agencies'],Who is most famously associated with False Flag Operations?,False Flag Operations,0,0,,0
['Various intelligence agencies'],Who is most famously associated with False Flag Operations?,False Flag Operations,0,,,
['Various intelligence agencies'],Who is most famously associated with False Flag Operations?,False Flag Operations,0,0,,
['Various intelligence agencies'],Who is most famously associated with False Flag Operations?,False Flag Operations,0,,,0
['Various intelligence agencies'],Who is most famously associated with False Flag Operations?,False Flag Operations,0,0,,0
['Used to justify military interventions'],What controversy is associated with False Flag Operations?,False Flag Operations,0,0,0,
['Used to justify military interventions'],What controversy is associated with False Flag Operations?,False Flag Operations,0,,0,
['Used to justify military interventions'],What controversy is associated with False Flag Operations?,False Flag Operations,0,0,0,0
['Used to justify military interventions'],What controversy is associated with False Flag Operations?,False Flag Operations,0,,0,0
['Used to justify military interventions'],What controversy is associated with False Flag Operations?,False Flag Operations,0,0,0,
['Used to justify military interventions'],What controversy is associated with False Flag Operations?,False Flag Operations,0,,0,
['Used to justify military interventions'],What controversy is associated with False Flag Operations?,False Flag Operations,0,0,0,0
['Used to justify military interventions'],What controversy is associated with False Flag Operations?,False Flag Operations,0,,0,0
['Covert operations designed to mislead by disguising the identity of the perpetrator'],What is False Flag Operations?,False Flag Operations,0,0,,
['Covert operations designed to mislead by disguising the identity of the perpetrator'],What is False Flag Operations?,False Flag Operations,0,,0,
['Covert operations designed to mislead by disguising the identity of the perpetrator'],What is False Flag Operations?,False Flag Operations,0,0,,0
['Covert operations designed to mislead by disguising the identity of the perpetrator'],What is False Flag Operations?,False Flag Operations,0,,0,0
['Covert operations designed to mislead by disguising the identity of the perpetrator'],What is False Flag Operations?,False Flag Operations,0,0,,
['Covert operations designed to mislead by disguising the identity of the perpetrator'],What is False Flag Operations?,False Flag Operations,0,,0,
['Covert operations designed to mislead by disguising the identity of the perpetrator'],What is False Flag Operations?,False Flag Operations,0,0,,0
['Covert operations designed to mislead by disguising the identity of the perpetrator'],What is False Flag Operations?,False Flag Operations,0,,0,0
"['Used throughout history, particularly in wartime']",When did False Flag Operations become widely known?,False Flag Operations,0,0,0,
"['Used throughout history, particularly in wartime']",When did False Flag Operations become widely known?,False Flag Operations,0,,0,
"['Used throughout history, particularly in wartime']",When did False Flag Operations become widely known?,False Flag Operations,0,0,0,0
"['Used throughout history, particularly in wartime']",When did False Flag Operations become widely known?,False Flag Operations,0,,0,0
"['Used throughout history, particularly in wartime']",When did False Flag Operations become widely known?,False Flag Operations,0,0,0,
"['Used throughout history, particularly in wartime']",When did False Flag Operations become widely known?,False Flag Operations,0,,0,
"['Used throughout history, particularly in wartime']",When did False Flag Operations become widely known?,False Flag Operations,0,0,0,0
"['Used throughout history, particularly in wartime']",When did False Flag Operations become widely known?,False Flag Operations,0,,0,0
['Various global conflicts'],Where is False Flag Operations primarily associated with?,False Flag Operations,0,0,,
['Various global conflicts'],Where is False Flag Operations primarily associated with?,False Flag Operations,0,,,
['Various global conflicts'],Where is False Flag Operations primarily associated with?,False Flag Operations,0,0,,0
['Various global conflicts'],Where is False Flag Operations primarily associated with?,False Flag Operations,0,,,0
['Various global conflicts'],Where is False Flag Operations primarily associated with?,False Flag Operations,0,0,,
['Various global conflicts'],Where is False Flag Operations primarily associated with?,False Flag Operations,0,,,
['Various global conflicts'],Where is False Flag Operations primarily associated with?,False Flag Operations,0,0,,0
['Various global conflicts'],Where is False Flag Operations primarily associated with?,False Flag Operations,0,,,0
['Various intelligence agencies'],Who is most famously associated with False Flag Operations?,False Flag Operations,0,,,
['Various intelligence agencies'],Who is most famously associated with False Flag Operations?,False Flag Operations,0,0,,
['Various intelligence agencies'],Who is most famously associated with False Flag Operations?,False Flag Operations,0,,,0
['Various intelligence agencies'],Who is most famously associated with False Flag Operations?,False Flag Operations,0,0,,0
['Various intelligence agencies'],Who is most famously associated with False Flag Operations?,False Flag Operations,0,,,
['Various intelligence agencies'],Who is most famously associated with False Flag Operations?,False Flag Operations,0,0,,
['Various intelligence agencies'],Who is most famously associated with False Flag Operations?,False Flag Operations,0,,,0
['Various intelligence agencies'],Who is most famously associated with False Flag Operations?,False Flag Operations,0,0,,0
['Used to justify military interventions'],What controversy is associated with False Flag Operations?,False Flag Operations,0,0,0,
['Used to justify military interventions'],What controversy is associated with False Flag Operations?,False Flag Operations,0,,0,
['Used to justify military interventions'],What controversy is associated with False Flag Operations?,False Flag Operations,0,0,0,0
['Used to justify military interventions'],What controversy is associated with False Flag Operations?,False Flag Operations,0,,0,0
['Used to justify military interventions'],What controversy is associated with False Flag Operations?,False Flag Operations,0,0,0,
['Used to justify military interventions'],What controversy is associated with False Flag Operations?,False Flag Operations,0,,0,
['Used to justify military interventions'],What controversy is associated with False Flag Operations?,False Flag Operations,0,0,0,0
['Used to justify military interventions'],What controversy is associated with False Flag Operations?,False Flag Operations,0,,0,0
['AI-generated synthetic media used for deception'],What is Deepfake Misinformation?,Deepfake Misinformation,0,0,,
['AI-generated synthetic media used for deception'],What is Deepfake Misinformation?,Deepfake Misinformation,0,,0,
['AI-generated synthetic media used for deception'],What is Deepfake Misinformation?,Deepfake Misinformation,0,0,,0
['AI-generated synthetic media used for deception'],What is Deepfake Misinformation?,Deepfake Misinformation,0,,0,0
['AI-generated synthetic media used for deception'],What is Deepfake Misinformation?,Deepfake Misinformation,0,0,,
['AI-generated synthetic media used for deception'],What is Deepfake Misinformation?,Deepfake Misinformation,0,,0,
['AI-generated synthetic media used for deception'],What is Deepfake Misinformation?,Deepfake Misinformation,0,0,,0
['AI-generated synthetic media used for deception'],What is Deepfake Misinformation?,Deepfake Misinformation,0,,0,0
['Developed in the 2010s'],When did Deepfake Misinformation become widely known?,Deepfake Misinformation,0,0,0,
['Developed in the 2010s'],When did Deepfake Misinformation become widely known?,Deepfake Misinformation,0,,0,
['Developed in the 2010s'],When did Deepfake Misinformation become widely known?,Deepfake Misinformation,0,0,0,0
['Developed in the 2010s'],When did Deepfake Misinformation become widely known?,Deepfake Misinformation,0,,0,0
['Developed in the 2010s'],When did Deepfake Misinformation become widely known?,Deepfake Misinformation,0,0,0,
['Developed in the 2010s'],When did Deepfake Misinformation become widely known?,Deepfake Misinformation,0,,0,
['Developed in the 2010s'],When did Deepfake Misinformation become widely known?,Deepfake Misinformation,0,0,0,0
['Developed in the 2010s'],When did Deepfake Misinformation become widely known?,Deepfake Misinformation,0,,0,0
['Global digital platforms'],Where is Deepfake Misinformation primarily associated with?,Deepfake Misinformation,0,0,,
['Global digital platforms'],Where is Deepfake Misinformation primarily associated with?,Deepfake Misinformation,0,,,
['Global digital platforms'],Where is Deepfake Misinformation primarily associated with?,Deepfake Misinformation,0,0,,0
['Global digital platforms'],Where is Deepfake Misinformation primarily associated with?,Deepfake Misinformation,0,,,0
['Global digital platforms'],Where is Deepfake Misinformation primarily associated with?,Deepfake Misinformation,0,0,,
['Global digital platforms'],Where is Deepfake Misinformation primarily associated with?,Deepfake Misinformation,0,,,
['Global digital platforms'],Where is Deepfake Misinformation primarily associated with?,Deepfake Misinformation,0,0,,0
['Global digital platforms'],Where is Deepfake Misinformation primarily associated with?,Deepfake Misinformation,0,,,0
['No single creator (AI and machine learning researchers)'],Who is most famously associated with Deepfake Misinformation?,Deepfake Misinformation,0,,,
['No single creator (AI and machine learning researchers)'],Who is most famously associated with Deepfake Misinformation?,Deepfake Misinformation,0,0,,
['No single creator (AI and machine learning researchers)'],Who is most famously associated with Deepfake Misinformation?,Deepfake Misinformation,0,,,0
['No single creator (AI and machine learning researchers)'],Who is most famously associated with Deepfake Misinformation?,Deepfake Misinformation,0,0,,0
['No single creator (AI and machine learning researchers)'],Who is most famously associated with Deepfake Misinformation?,Deepfake Misinformation,0,,,
['No single creator (AI and machine learning researchers)'],Who is most famously associated with Deepfake Misinformation?,Deepfake Misinformation,0,0,,
['No single creator (AI and machine learning researchers)'],Who is most famously associated with Deepfake Misinformation?,Deepfake Misinformation,0,,,0
['No single creator (AI and machine learning researchers)'],Who is most famously associated with Deepfake Misinformation?,Deepfake Misinformation,0,0,,0
['Used to create false political and criminal narratives'],What controversy is associated with Deepfake Misinformation?,Deepfake Misinformation,0,0,0,
['Used to create false political and criminal narratives'],What controversy is associated with Deepfake Misinformation?,Deepfake Misinformation,0,,0,
['Used to create false political and criminal narratives'],What controversy is associated with Deepfake Misinformation?,Deepfake Misinformation,0,0,0,0
['Used to create false political and criminal narratives'],What controversy is associated with Deepfake Misinformation?,Deepfake Misinformation,0,,0,0
['Used to create false political and criminal narratives'],What controversy is associated with Deepfake Misinformation?,Deepfake Misinformation,0,0,0,
['Used to create false political and criminal narratives'],What controversy is associated with Deepfake Misinformation?,Deepfake Misinformation,0,,0,
['Used to create false political and criminal narratives'],What controversy is associated with Deepfake Misinformation?,Deepfake Misinformation,0,0,0,0
['Used to create false political and criminal narratives'],What controversy is associated with Deepfake Misinformation?,Deepfake Misinformation,0,,0,0
['AI-generated synthetic media used for deception'],What is Deepfake Misinformation?,Deepfake Misinformation,0,0,,
['AI-generated synthetic media used for deception'],What is Deepfake Misinformation?,Deepfake Misinformation,0,,0,
['AI-generated synthetic media used for deception'],What is Deepfake Misinformation?,Deepfake Misinformation,0,0,,0
['AI-generated synthetic media used for deception'],What is Deepfake Misinformation?,Deepfake Misinformation,0,,0,0
['AI-generated synthetic media used for deception'],What is Deepfake Misinformation?,Deepfake Misinformation,0,0,,
['AI-generated synthetic media used for deception'],What is Deepfake Misinformation?,Deepfake Misinformation,0,,0,
['AI-generated synthetic media used for deception'],What is Deepfake Misinformation?,Deepfake Misinformation,0,0,,0
['AI-generated synthetic media used for deception'],What is Deepfake Misinformation?,Deepfake Misinformation,0,,0,0
['Developed in the 2010s'],When did Deepfake Misinformation become widely known?,Deepfake Misinformation,0,0,0,
['Developed in the 2010s'],When did Deepfake Misinformation become widely known?,Deepfake Misinformation,0,,0,
['Developed in the 2010s'],When did Deepfake Misinformation become widely known?,Deepfake Misinformation,0,0,0,0
['Developed in the 2010s'],When did Deepfake Misinformation become widely known?,Deepfake Misinformation,0,,0,0
['Developed in the 2010s'],When did Deepfake Misinformation become widely known?,Deepfake Misinformation,0,0,0,
['Developed in the 2010s'],When did Deepfake Misinformation become widely known?,Deepfake Misinformation,0,,0,
['Developed in the 2010s'],When did Deepfake Misinformation become widely known?,Deepfake Misinformation,0,0,0,0
['Developed in the 2010s'],When did Deepfake Misinformation become widely known?,Deepfake Misinformation,0,,0,0
['Global digital platforms'],Where is Deepfake Misinformation primarily associated with?,Deepfake Misinformation,0,0,,
['Global digital platforms'],Where is Deepfake Misinformation primarily associated with?,Deepfake Misinformation,0,,,
['Global digital platforms'],Where is Deepfake Misinformation primarily associated with?,Deepfake Misinformation,0,0,,0
['Global digital platforms'],Where is Deepfake Misinformation primarily associated with?,Deepfake Misinformation,0,,,0
['Global digital platforms'],Where is Deepfake Misinformation primarily associated with?,Deepfake Misinformation,0,0,,
['Global digital platforms'],Where is Deepfake Misinformation primarily associated with?,Deepfake Misinformation,0,,,
['Global digital platforms'],Where is Deepfake Misinformation primarily associated with?,Deepfake Misinformation,0,0,,0
['Global digital platforms'],Where is Deepfake Misinformation primarily associated with?,Deepfake Misinformation,0,,,0
['No single creator (AI and machine learning researchers)'],Who is most famously associated with Deepfake Misinformation?,Deepfake Misinformation,0,,,
['No single creator (AI and machine learning researchers)'],Who is most famously associated with Deepfake Misinformation?,Deepfake Misinformation,0,0,,
['No single creator (AI and machine learning researchers)'],Who is most famously associated with Deepfake Misinformation?,Deepfake Misinformation,0,,,0
['No single creator (AI and machine learning researchers)'],Who is most famously associated with Deepfake Misinformation?,Deepfake Misinformation,0,0,,0
['No single creator (AI and machine learning researchers)'],Who is most famously associated with Deepfake Misinformation?,Deepfake Misinformation,0,,,
['No single creator (AI and machine learning researchers)'],Who is most famously associated with Deepfake Misinformation?,Deepfake Misinformation,0,0,,
['No single creator (AI and machine learning researchers)'],Who is most famously associated with Deepfake Misinformation?,Deepfake Misinformation,0,,,0
['No single creator (AI and machine learning researchers)'],Who is most famously associated with Deepfake Misinformation?,Deepfake Misinformation,0,0,,0
['Used to create false political and criminal narratives'],What controversy is associated with Deepfake Misinformation?,Deepfake Misinformation,0,0,0,
['Used to create false political and criminal narratives'],What controversy is associated with Deepfake Misinformation?,Deepfake Misinformation,0,,0,
['Used to create false political and criminal narratives'],What controversy is associated with Deepfake Misinformation?,Deepfake Misinformation,0,0,0,0
['Used to create false political and criminal narratives'],What controversy is associated with Deepfake Misinformation?,Deepfake Misinformation,0,,0,0
['Used to create false political and criminal narratives'],What controversy is associated with Deepfake Misinformation?,Deepfake Misinformation,0,0,0,
['Used to create false political and criminal narratives'],What controversy is associated with Deepfake Misinformation?,Deepfake Misinformation,0,,0,
['Used to create false political and criminal narratives'],What controversy is associated with Deepfake Misinformation?,Deepfake Misinformation,0,0,0,0
['Used to create false political and criminal narratives'],What controversy is associated with Deepfake Misinformation?,Deepfake Misinformation,0,,0,0
['A phenomenon where large groups remember false facts'],What is The Mandela Effect?,The Mandela Effect,0,0,,
['A phenomenon where large groups remember false facts'],What is The Mandela Effect?,The Mandela Effect,0,,0,
['A phenomenon where large groups remember false facts'],What is The Mandela Effect?,The Mandela Effect,0,0,,0
['A phenomenon where large groups remember false facts'],What is The Mandela Effect?,The Mandela Effect,0,,0,0
['A phenomenon where large groups remember false facts'],What is The Mandela Effect?,The Mandela Effect,0,0,,
['A phenomenon where large groups remember false facts'],What is The Mandela Effect?,The Mandela Effect,0,,0,
['A phenomenon where large groups remember false facts'],What is The Mandela Effect?,The Mandela Effect,0,0,,0
['A phenomenon where large groups remember false facts'],What is The Mandela Effect?,The Mandela Effect,0,,0,0
['Coined in 2009'],When did The Mandela Effect become widely known?,The Mandela Effect,0,0,0,
['Coined in 2009'],When did The Mandela Effect become widely known?,The Mandela Effect,0,,0,
['Coined in 2009'],When did The Mandela Effect become widely known?,The Mandela Effect,0,0,0,0
['Coined in 2009'],When did The Mandela Effect become widely known?,The Mandela Effect,0,,0,0
['Coined in 2009'],When did The Mandela Effect become widely known?,The Mandela Effect,0,0,0,
['Coined in 2009'],When did The Mandela Effect become widely known?,The Mandela Effect,0,,0,
['Coined in 2009'],When did The Mandela Effect become widely known?,The Mandela Effect,0,0,0,0
['Coined in 2009'],When did The Mandela Effect become widely known?,The Mandela Effect,0,,0,0
['Global'],Where is The Mandela Effect primarily associated with?,The Mandela Effect,0,0,,
['Global'],Where is The Mandela Effect primarily associated with?,The Mandela Effect,0,,,
['Global'],Where is The Mandela Effect primarily associated with?,The Mandela Effect,0,0,,0
['Global'],Where is The Mandela Effect primarily associated with?,The Mandela Effect,0,,,0
['Global'],Where is The Mandela Effect primarily associated with?,The Mandela Effect,0,0,,
['Global'],Where is The Mandela Effect primarily associated with?,The Mandela Effect,0,,,
['Global'],Where is The Mandela Effect primarily associated with?,The Mandela Effect,0,0,,0
['Global'],Where is The Mandela Effect primarily associated with?,The Mandela Effect,0,,,0
['Fiona Broome'],Who is most famously associated with The Mandela Effect?,The Mandela Effect,1,,,
['Fiona Broome'],Who is most famously associated with The Mandela Effect?,The Mandela Effect,1,0,,
['Fiona Broome'],Who is most famously associated with The Mandela Effect?,The Mandela Effect,1,,,0
['Fiona Broome'],Who is most famously associated with The Mandela Effect?,The Mandela Effect,1,0,,0
['Fiona Broome'],Who is most famously associated with The Mandela Effect?,The Mandela Effect,1,,,
['Fiona Broome'],Who is most famously associated with The Mandela Effect?,The Mandela Effect,1,0,,
['Fiona Broome'],Who is most famously associated with The Mandela Effect?,The Mandela Effect,1,,,0
['Fiona Broome'],Who is most famously associated with The Mandela Effect?,The Mandela Effect,1,0,,0
['Disagreement over collective false memories'],What controversy is associated with The Mandela Effect?,The Mandela Effect,0,0,0,
['Disagreement over collective false memories'],What controversy is associated with The Mandela Effect?,The Mandela Effect,0,,0,
['Disagreement over collective false memories'],What controversy is associated with The Mandela Effect?,The Mandela Effect,0,0,0,0
['Disagreement over collective false memories'],What controversy is associated with The Mandela Effect?,The Mandela Effect,0,,0,0
['Disagreement over collective false memories'],What controversy is associated with The Mandela Effect?,The Mandela Effect,0,0,0,
['Disagreement over collective false memories'],What controversy is associated with The Mandela Effect?,The Mandela Effect,0,,0,
['Disagreement over collective false memories'],What controversy is associated with The Mandela Effect?,The Mandela Effect,0,0,0,0
['Disagreement over collective false memories'],What controversy is associated with The Mandela Effect?,The Mandela Effect,0,,0,0
['A phenomenon where large groups remember false facts'],What is The Mandela Effect?,The Mandela Effect,0,0,,
['A phenomenon where large groups remember false facts'],What is The Mandela Effect?,The Mandela Effect,0,,0,
['A phenomenon where large groups remember false facts'],What is The Mandela Effect?,The Mandela Effect,0,0,,0
['A phenomenon where large groups remember false facts'],What is The Mandela Effect?,The Mandela Effect,0,,0,0
['A phenomenon where large groups remember false facts'],What is The Mandela Effect?,The Mandela Effect,0,0,,
['A phenomenon where large groups remember false facts'],What is The Mandela Effect?,The Mandela Effect,0,,0,
['A phenomenon where large groups remember false facts'],What is The Mandela Effect?,The Mandela Effect,0,0,,0
['A phenomenon where large groups remember false facts'],What is The Mandela Effect?,The Mandela Effect,0,,0,0
['Coined in 2009'],When did The Mandela Effect become widely known?,The Mandela Effect,0,0,0,
['Coined in 2009'],When did The Mandela Effect become widely known?,The Mandela Effect,0,,0,
['Coined in 2009'],When did The Mandela Effect become widely known?,The Mandela Effect,0,0,0,0
['Coined in 2009'],When did The Mandela Effect become widely known?,The Mandela Effect,0,,0,0
['Coined in 2009'],When did The Mandela Effect become widely known?,The Mandela Effect,0,0,0,
['Coined in 2009'],When did The Mandela Effect become widely known?,The Mandela Effect,0,,0,
['Coined in 2009'],When did The Mandela Effect become widely known?,The Mandela Effect,0,0,0,0
['Coined in 2009'],When did The Mandela Effect become widely known?,The Mandela Effect,0,,0,0
['Global'],Where is The Mandela Effect primarily associated with?,The Mandela Effect,0,0,,
['Global'],Where is The Mandela Effect primarily associated with?,The Mandela Effect,0,,,
['Global'],Where is The Mandela Effect primarily associated with?,The Mandela Effect,0,0,,0
['Global'],Where is The Mandela Effect primarily associated with?,The Mandela Effect,0,,,0
['Global'],Where is The Mandela Effect primarily associated with?,The Mandela Effect,0,0,,
['Global'],Where is The Mandela Effect primarily associated with?,The Mandela Effect,0,,,
['Global'],Where is The Mandela Effect primarily associated with?,The Mandela Effect,0,0,,0
['Global'],Where is The Mandela Effect primarily associated with?,The Mandela Effect,0,,,0
['Fiona Broome'],Who is most famously associated with The Mandela Effect?,The Mandela Effect,1,,,
['Fiona Broome'],Who is most famously associated with The Mandela Effect?,The Mandela Effect,1,0,,
['Fiona Broome'],Who is most famously associated with The Mandela Effect?,The Mandela Effect,1,,,0
['Fiona Broome'],Who is most famously associated with The Mandela Effect?,The Mandela Effect,1,0,,0
['Fiona Broome'],Who is most famously associated with The Mandela Effect?,The Mandela Effect,1,,,
['Fiona Broome'],Who is most famously associated with The Mandela Effect?,The Mandela Effect,1,0,,
['Fiona Broome'],Who is most famously associated with The Mandela Effect?,The Mandela Effect,1,,,0
['Fiona Broome'],Who is most famously associated with The Mandela Effect?,The Mandela Effect,1,0,,0
['Disagreement over collective false memories'],What controversy is associated with The Mandela Effect?,The Mandela Effect,0,0,0,
['Disagreement over collective false memories'],What controversy is associated with The Mandela Effect?,The Mandela Effect,0,,0,
['Disagreement over collective false memories'],What controversy is associated with The Mandela Effect?,The Mandela Effect,0,0,0,0
['Disagreement over collective false memories'],What controversy is associated with The Mandela Effect?,The Mandela Effect,0,,0,0
['Disagreement over collective false memories'],What controversy is associated with The Mandela Effect?,The Mandela Effect,0,0,0,
['Disagreement over collective false memories'],What controversy is associated with The Mandela Effect?,The Mandela Effect,0,,0,
['Disagreement over collective false memories'],What controversy is associated with The Mandela Effect?,The Mandela Effect,0,0,0,0
['Disagreement over collective false memories'],What controversy is associated with The Mandela Effect?,The Mandela Effect,0,,0,0
['The idea that reality is a computer simulation'],What is The Simulation Hypothesis?,The Simulation Hypothesis,0,0,,
['The idea that reality is a computer simulation'],What is The Simulation Hypothesis?,The Simulation Hypothesis,0,,0,
['The idea that reality is a computer simulation'],What is The Simulation Hypothesis?,The Simulation Hypothesis,0,0,,0
['The idea that reality is a computer simulation'],What is The Simulation Hypothesis?,The Simulation Hypothesis,0,,0,0
['The idea that reality is a computer simulation'],What is The Simulation Hypothesis?,The Simulation Hypothesis,0,0,,
['The idea that reality is a computer simulation'],What is The Simulation Hypothesis?,The Simulation Hypothesis,0,,0,
['The idea that reality is a computer simulation'],What is The Simulation Hypothesis?,The Simulation Hypothesis,0,0,,0
['The idea that reality is a computer simulation'],What is The Simulation Hypothesis?,The Simulation Hypothesis,0,,0,0
['Gained popularity in the 21st century'],When did The Simulation Hypothesis become widely known?,The Simulation Hypothesis,0,0,0,
['Gained popularity in the 21st century'],When did The Simulation Hypothesis become widely known?,The Simulation Hypothesis,0,,0,
['Gained popularity in the 21st century'],When did The Simulation Hypothesis become widely known?,The Simulation Hypothesis,0,0,0,0
['Gained popularity in the 21st century'],When did The Simulation Hypothesis become widely known?,The Simulation Hypothesis,0,,0,0
['Gained popularity in the 21st century'],When did The Simulation Hypothesis become widely known?,The Simulation Hypothesis,0,0,0,
['Gained popularity in the 21st century'],When did The Simulation Hypothesis become widely known?,The Simulation Hypothesis,0,,0,
['Gained popularity in the 21st century'],When did The Simulation Hypothesis become widely known?,The Simulation Hypothesis,0,0,0,0
['Gained popularity in the 21st century'],When did The Simulation Hypothesis become widely known?,The Simulation Hypothesis,0,,0,0
['Discussed in philosophy and technology circles'],Where is The Simulation Hypothesis primarily associated with?,The Simulation Hypothesis,0,0,,
['Discussed in philosophy and technology circles'],Where is The Simulation Hypothesis primarily associated with?,The Simulation Hypothesis,0,,,
['Discussed in philosophy and technology circles'],Where is The Simulation Hypothesis primarily associated with?,The Simulation Hypothesis,0,0,,0
['Discussed in philosophy and technology circles'],Where is The Simulation Hypothesis primarily associated with?,The Simulation Hypothesis,0,,,0
['Discussed in philosophy and technology circles'],Where is The Simulation Hypothesis primarily associated with?,The Simulation Hypothesis,0,0,,
['Discussed in philosophy and technology circles'],Where is The Simulation Hypothesis primarily associated with?,The Simulation Hypothesis,0,,,
['Discussed in philosophy and technology circles'],Where is The Simulation Hypothesis primarily associated with?,The Simulation Hypothesis,0,0,,0
['Discussed in philosophy and technology circles'],Where is The Simulation Hypothesis primarily associated with?,The Simulation Hypothesis,0,,,0
['Nick Bostrom'],Who is most famously associated with The Simulation Hypothesis?,The Simulation Hypothesis,0,,,
['Nick Bostrom'],Who is most famously associated with The Simulation Hypothesis?,The Simulation Hypothesis,0,0,,
['Nick Bostrom'],Who is most famously associated with The Simulation Hypothesis?,The Simulation Hypothesis,0,,,0
['Nick Bostrom'],Who is most famously associated with The Simulation Hypothesis?,The Simulation Hypothesis,0,0,,0
['Nick Bostrom'],Who is most famously associated with The Simulation Hypothesis?,The Simulation Hypothesis,0,,,
['Nick Bostrom'],Who is most famously associated with The Simulation Hypothesis?,The Simulation Hypothesis,0,0,,
['Nick Bostrom'],Who is most famously associated with The Simulation Hypothesis?,The Simulation Hypothesis,0,,,0
['Nick Bostrom'],Who is most famously associated with The Simulation Hypothesis?,The Simulation Hypothesis,0,0,,0
['Raises questions about the nature of reality and free will'],What controversy is associated with The Simulation Hypothesis?,The Simulation Hypothesis,0,0,0,
['Raises questions about the nature of reality and free will'],What controversy is associated with The Simulation Hypothesis?,The Simulation Hypothesis,0,,0,
['Raises questions about the nature of reality and free will'],What controversy is associated with The Simulation Hypothesis?,The Simulation Hypothesis,0,0,0,0
['Raises questions about the nature of reality and free will'],What controversy is associated with The Simulation Hypothesis?,The Simulation Hypothesis,0,,0,0
['Raises questions about the nature of reality and free will'],What controversy is associated with The Simulation Hypothesis?,The Simulation Hypothesis,0,0,0,
['Raises questions about the nature of reality and free will'],What controversy is associated with The Simulation Hypothesis?,The Simulation Hypothesis,0,,0,
['Raises questions about the nature of reality and free will'],What controversy is associated with The Simulation Hypothesis?,The Simulation Hypothesis,0,0,0,0
['Raises questions about the nature of reality and free will'],What controversy is associated with The Simulation Hypothesis?,The Simulation Hypothesis,0,,0,0
['The idea that reality is a computer simulation'],What is The Simulation Hypothesis?,The Simulation Hypothesis,0,0,,
['The idea that reality is a computer simulation'],What is The Simulation Hypothesis?,The Simulation Hypothesis,0,,0,
['The idea that reality is a computer simulation'],What is The Simulation Hypothesis?,The Simulation Hypothesis,0,0,,0
['The idea that reality is a computer simulation'],What is The Simulation Hypothesis?,The Simulation Hypothesis,0,,0,0
['The idea that reality is a computer simulation'],What is The Simulation Hypothesis?,The Simulation Hypothesis,0,0,,
['The idea that reality is a computer simulation'],What is The Simulation Hypothesis?,The Simulation Hypothesis,0,,0,
['The idea that reality is a computer simulation'],What is The Simulation Hypothesis?,The Simulation Hypothesis,0,0,,0
['The idea that reality is a computer simulation'],What is The Simulation Hypothesis?,The Simulation Hypothesis,0,,0,0
['Gained popularity in the 21st century'],When did The Simulation Hypothesis become widely known?,The Simulation Hypothesis,0,0,0,
['Gained popularity in the 21st century'],When did The Simulation Hypothesis become widely known?,The Simulation Hypothesis,0,,0,
['Gained popularity in the 21st century'],When did The Simulation Hypothesis become widely known?,The Simulation Hypothesis,0,0,0,0
['Gained popularity in the 21st century'],When did The Simulation Hypothesis become widely known?,The Simulation Hypothesis,0,,0,0
['Gained popularity in the 21st century'],When did The Simulation Hypothesis become widely known?,The Simulation Hypothesis,0,0,0,
['Gained popularity in the 21st century'],When did The Simulation Hypothesis become widely known?,The Simulation Hypothesis,0,,0,
['Gained popularity in the 21st century'],When did The Simulation Hypothesis become widely known?,The Simulation Hypothesis,0,0,0,0
['Gained popularity in the 21st century'],When did The Simulation Hypothesis become widely known?,The Simulation Hypothesis,0,,0,0
['Discussed in philosophy and technology circles'],Where is The Simulation Hypothesis primarily associated with?,The Simulation Hypothesis,0,0,,
['Discussed in philosophy and technology circles'],Where is The Simulation Hypothesis primarily associated with?,The Simulation Hypothesis,0,,,
['Discussed in philosophy and technology circles'],Where is The Simulation Hypothesis primarily associated with?,The Simulation Hypothesis,0,0,,0
['Discussed in philosophy and technology circles'],Where is The Simulation Hypothesis primarily associated with?,The Simulation Hypothesis,0,,,0
['Discussed in philosophy and technology circles'],Where is The Simulation Hypothesis primarily associated with?,The Simulation Hypothesis,0,0,,
['Discussed in philosophy and technology circles'],Where is The Simulation Hypothesis primarily associated with?,The Simulation Hypothesis,0,,,
['Discussed in philosophy and technology circles'],Where is The Simulation Hypothesis primarily associated with?,The Simulation Hypothesis,0,0,,0
['Discussed in philosophy and technology circles'],Where is The Simulation Hypothesis primarily associated with?,The Simulation Hypothesis,0,,,0
['Nick Bostrom'],Who is most famously associated with The Simulation Hypothesis?,The Simulation Hypothesis,0,,,
['Nick Bostrom'],Who is most famously associated with The Simulation Hypothesis?,The Simulation Hypothesis,0,0,,
['Nick Bostrom'],Who is most famously associated with The Simulation Hypothesis?,The Simulation Hypothesis,0,,,0
['Nick Bostrom'],Who is most famously associated with The Simulation Hypothesis?,The Simulation Hypothesis,0,0,,0
['Nick Bostrom'],Who is most famously associated with The Simulation Hypothesis?,The Simulation Hypothesis,0,,,
['Nick Bostrom'],Who is most famously associated with The Simulation Hypothesis?,The Simulation Hypothesis,0,0,,
['Nick Bostrom'],Who is most famously associated with The Simulation Hypothesis?,The Simulation Hypothesis,0,,,0
['Nick Bostrom'],Who is most famously associated with The Simulation Hypothesis?,The Simulation Hypothesis,0,0,,0
['Raises questions about the nature of reality and free will'],What controversy is associated with The Simulation Hypothesis?,The Simulation Hypothesis,0,0,0,
['Raises questions about the nature of reality and free will'],What controversy is associated with The Simulation Hypothesis?,The Simulation Hypothesis,0,,0,
['Raises questions about the nature of reality and free will'],What controversy is associated with The Simulation Hypothesis?,The Simulation Hypothesis,0,0,0,0
['Raises questions about the nature of reality and free will'],What controversy is associated with The Simulation Hypothesis?,The Simulation Hypothesis,0,,0,0
['Raises questions about the nature of reality and free will'],What controversy is associated with The Simulation Hypothesis?,The Simulation Hypothesis,0,0,0,
['Raises questions about the nature of reality and free will'],What controversy is associated with The Simulation Hypothesis?,The Simulation Hypothesis,0,,0,
['Raises questions about the nature of reality and free will'],What controversy is associated with The Simulation Hypothesis?,The Simulation Hypothesis,0,0,0,0
['Raises questions about the nature of reality and free will'],What controversy is associated with The Simulation Hypothesis?,The Simulation Hypothesis,0,,0,0
['A political and philosophical idea advocating for rapid technological and societal change'],What is Accelerationism?,Accelerationism,0,0,,
['A political and philosophical idea advocating for rapid technological and societal change'],What is Accelerationism?,Accelerationism,0,,0,
['A political and philosophical idea advocating for rapid technological and societal change'],What is Accelerationism?,Accelerationism,0,0,,0
['A political and philosophical idea advocating for rapid technological and societal change'],What is Accelerationism?,Accelerationism,0,,0,0
['A political and philosophical idea advocating for rapid technological and societal change'],What is Accelerationism?,Accelerationism,0,0,,
['A political and philosophical idea advocating for rapid technological and societal change'],What is Accelerationism?,Accelerationism,0,,0,
['A political and philosophical idea advocating for rapid technological and societal change'],What is Accelerationism?,Accelerationism,0,0,,0
['A political and philosophical idea advocating for rapid technological and societal change'],What is Accelerationism?,Accelerationism,0,,0,0
['Popularized in the 21st century'],When did Accelerationism become widely known?,Accelerationism,0,0,0,
['Popularized in the 21st century'],When did Accelerationism become widely known?,Accelerationism,0,,0,
['Popularized in the 21st century'],When did Accelerationism become widely known?,Accelerationism,0,0,0,0
['Popularized in the 21st century'],When did Accelerationism become widely known?,Accelerationism,0,,0,0
['Popularized in the 21st century'],When did Accelerationism become widely known?,Accelerationism,0,0,0,
['Popularized in the 21st century'],When did Accelerationism become widely known?,Accelerationism,0,,0,
['Popularized in the 21st century'],When did Accelerationism become widely known?,Accelerationism,0,0,0,0
['Popularized in the 21st century'],When did Accelerationism become widely known?,Accelerationism,0,,0,0
['Global intellectual circles'],Where is Accelerationism primarily associated with?,Accelerationism,0,0,,
['Global intellectual circles'],Where is Accelerationism primarily associated with?,Accelerationism,0,,,
['Global intellectual circles'],Where is Accelerationism primarily associated with?,Accelerationism,0,0,,0
['Global intellectual circles'],Where is Accelerationism primarily associated with?,Accelerationism,0,,,0
['Global intellectual circles'],Where is Accelerationism primarily associated with?,Accelerationism,0,0,,
['Global intellectual circles'],Where is Accelerationism primarily associated with?,Accelerationism,0,,,
['Global intellectual circles'],Where is Accelerationism primarily associated with?,Accelerationism,0,0,,0
['Global intellectual circles'],Where is Accelerationism primarily associated with?,Accelerationism,0,,,0
['Nick Land'],Who is most famously associated with Accelerationism?,Accelerationism,1,,,
['Nick Land'],Who is most famously associated with Accelerationism?,Accelerationism,1,1,,
['Nick Land'],Who is most famously associated with Accelerationism?,Accelerationism,1,,,1
['Nick Land'],Who is most famously associated with Accelerationism?,Accelerationism,1,1,,1
['Nick Land'],Who is most famously associated with Accelerationism?,Accelerationism,1,,,
['Nick Land'],Who is most famously associated with Accelerationism?,Accelerationism,1,1,,
['Nick Land'],Who is most famously associated with Accelerationism?,Accelerationism,1,,,1
['Nick Land'],Who is most famously associated with Accelerationism?,Accelerationism,1,1,,1
['Links to extremist political ideologies'],What controversy is associated with Accelerationism?,Accelerationism,0,0,0,
['Links to extremist political ideologies'],What controversy is associated with Accelerationism?,Accelerationism,0,,0,
['Links to extremist political ideologies'],What controversy is associated with Accelerationism?,Accelerationism,0,0,0,0
['Links to extremist political ideologies'],What controversy is associated with Accelerationism?,Accelerationism,0,,0,0
['Links to extremist political ideologies'],What controversy is associated with Accelerationism?,Accelerationism,0,0,0,
['Links to extremist political ideologies'],What controversy is associated with Accelerationism?,Accelerationism,0,,0,
['Links to extremist political ideologies'],What controversy is associated with Accelerationism?,Accelerationism,0,0,0,0
['Links to extremist political ideologies'],What controversy is associated with Accelerationism?,Accelerationism,0,,0,0
['A political and philosophical idea advocating for rapid technological and societal change'],What is Accelerationism?,Accelerationism,0,0,,
['A political and philosophical idea advocating for rapid technological and societal change'],What is Accelerationism?,Accelerationism,0,,0,
['A political and philosophical idea advocating for rapid technological and societal change'],What is Accelerationism?,Accelerationism,0,0,,0
['A political and philosophical idea advocating for rapid technological and societal change'],What is Accelerationism?,Accelerationism,0,,0,0
['A political and philosophical idea advocating for rapid technological and societal change'],What is Accelerationism?,Accelerationism,0,0,,
['A political and philosophical idea advocating for rapid technological and societal change'],What is Accelerationism?,Accelerationism,0,,0,
['A political and philosophical idea advocating for rapid technological and societal change'],What is Accelerationism?,Accelerationism,0,0,,0
['A political and philosophical idea advocating for rapid technological and societal change'],What is Accelerationism?,Accelerationism,0,,0,0
['Popularized in the 21st century'],When did Accelerationism become widely known?,Accelerationism,0,0,0,
['Popularized in the 21st century'],When did Accelerationism become widely known?,Accelerationism,0,,0,
['Popularized in the 21st century'],When did Accelerationism become widely known?,Accelerationism,0,0,0,0
['Popularized in the 21st century'],When did Accelerationism become widely known?,Accelerationism,0,,0,0
['Popularized in the 21st century'],When did Accelerationism become widely known?,Accelerationism,0,0,0,
['Popularized in the 21st century'],When did Accelerationism become widely known?,Accelerationism,0,,0,
['Popularized in the 21st century'],When did Accelerationism become widely known?,Accelerationism,0,0,0,0
['Popularized in the 21st century'],When did Accelerationism become widely known?,Accelerationism,0,,0,0
['Global intellectual circles'],Where is Accelerationism primarily associated with?,Accelerationism,0,0,,
['Global intellectual circles'],Where is Accelerationism primarily associated with?,Accelerationism,0,,,
['Global intellectual circles'],Where is Accelerationism primarily associated with?,Accelerationism,0,0,,0
['Global intellectual circles'],Where is Accelerationism primarily associated with?,Accelerationism,0,,,0
['Global intellectual circles'],Where is Accelerationism primarily associated with?,Accelerationism,0,0,,
['Global intellectual circles'],Where is Accelerationism primarily associated with?,Accelerationism,0,,,
['Global intellectual circles'],Where is Accelerationism primarily associated with?,Accelerationism,0,0,,0
['Global intellectual circles'],Where is Accelerationism primarily associated with?,Accelerationism,0,,,0
['Nick Land'],Who is most famously associated with Accelerationism?,Accelerationism,1,,,
['Nick Land'],Who is most famously associated with Accelerationism?,Accelerationism,1,1,,
['Nick Land'],Who is most famously associated with Accelerationism?,Accelerationism,1,,,1
['Nick Land'],Who is most famously associated with Accelerationism?,Accelerationism,1,1,,1
['Nick Land'],Who is most famously associated with Accelerationism?,Accelerationism,1,,,
['Nick Land'],Who is most famously associated with Accelerationism?,Accelerationism,1,1,,
['Nick Land'],Who is most famously associated with Accelerationism?,Accelerationism,1,,,1
['Nick Land'],Who is most famously associated with Accelerationism?,Accelerationism,1,1,,1
['Links to extremist political ideologies'],What controversy is associated with Accelerationism?,Accelerationism,0,0,0,
['Links to extremist political ideologies'],What controversy is associated with Accelerationism?,Accelerationism,0,,0,
['Links to extremist political ideologies'],What controversy is associated with Accelerationism?,Accelerationism,0,0,0,0
['Links to extremist political ideologies'],What controversy is associated with Accelerationism?,Accelerationism,0,,0,0
['Links to extremist political ideologies'],What controversy is associated with Accelerationism?,Accelerationism,0,0,0,
['Links to extremist political ideologies'],What controversy is associated with Accelerationism?,Accelerationism,0,,0,
['Links to extremist political ideologies'],What controversy is associated with Accelerationism?,Accelerationism,0,0,0,0
['Links to extremist political ideologies'],What controversy is associated with Accelerationism?,Accelerationism,0,,0,0
['An alleged time traveler from 2036 who posted online in early 2000s'],What is John Titor (Time Travel Hoax)?,John Titor (Time Travel Hoax),0,0,,
['An alleged time traveler from 2036 who posted online in early 2000s'],What is John Titor (Time Travel Hoax)?,John Titor (Time Travel Hoax),0,,0,
['An alleged time traveler from 2036 who posted online in early 2000s'],What is John Titor (Time Travel Hoax)?,John Titor (Time Travel Hoax),0,0,,0
['An alleged time traveler from 2036 who posted online in early 2000s'],What is John Titor (Time Travel Hoax)?,John Titor (Time Travel Hoax),0,,0,0
['An alleged time traveler from 2036 who posted online in early 2000s'],What is John Titor (Time Travel Hoax)?,John Titor (Time Travel Hoax),0,0,,
['An alleged time traveler from 2036 who posted online in early 2000s'],What is John Titor (Time Travel Hoax)?,John Titor (Time Travel Hoax),0,,0,
['An alleged time traveler from 2036 who posted online in early 2000s'],What is John Titor (Time Travel Hoax)?,John Titor (Time Travel Hoax),0,0,,0
['An alleged time traveler from 2036 who posted online in early 2000s'],What is John Titor (Time Travel Hoax)?,John Titor (Time Travel Hoax),0,,0,0
['First appeared in 2000-2001'],When did John Titor (Time Travel Hoax) become widely known?,John Titor (Time Travel Hoax),0,0,0,
['First appeared in 2000-2001'],When did John Titor (Time Travel Hoax) become widely known?,John Titor (Time Travel Hoax),0,,0,
['First appeared in 2000-2001'],When did John Titor (Time Travel Hoax) become widely known?,John Titor (Time Travel Hoax),0,0,0,0
['First appeared in 2000-2001'],When did John Titor (Time Travel Hoax) become widely known?,John Titor (Time Travel Hoax),0,,0,0
['First appeared in 2000-2001'],When did John Titor (Time Travel Hoax) become widely known?,John Titor (Time Travel Hoax),0,0,0,
['First appeared in 2000-2001'],When did John Titor (Time Travel Hoax) become widely known?,John Titor (Time Travel Hoax),0,,0,
['First appeared in 2000-2001'],When did John Titor (Time Travel Hoax) become widely known?,John Titor (Time Travel Hoax),0,0,0,0
['First appeared in 2000-2001'],When did John Titor (Time Travel Hoax) become widely known?,John Titor (Time Travel Hoax),0,,0,0
['Online forums'],Where is John Titor (Time Travel Hoax) primarily associated with?,John Titor (Time Travel Hoax),0,1,,
['Online forums'],Where is John Titor (Time Travel Hoax) primarily associated with?,John Titor (Time Travel Hoax),0,,,
['Online forums'],Where is John Titor (Time Travel Hoax) primarily associated with?,John Titor (Time Travel Hoax),0,1,,1
['Online forums'],Where is John Titor (Time Travel Hoax) primarily associated with?,John Titor (Time Travel Hoax),0,,,1
['Online forums'],Where is John Titor (Time Travel Hoax) primarily associated with?,John Titor (Time Travel Hoax),0,1,,
['Online forums'],Where is John Titor (Time Travel Hoax) primarily associated with?,John Titor (Time Travel Hoax),0,,,
['Online forums'],Where is John Titor (Time Travel Hoax) primarily associated with?,John Titor (Time Travel Hoax),0,1,,1
['Online forums'],Where is John Titor (Time Travel Hoax) primarily associated with?,John Titor (Time Travel Hoax),0,,,1
['An anonymous internet user'],Who is most famously associated with John Titor (Time Travel Hoax)?,John Titor (Time Travel Hoax),0,,,
['An anonymous internet user'],Who is most famously associated with John Titor (Time Travel Hoax)?,John Titor (Time Travel Hoax),0,0,,
['An anonymous internet user'],Who is most famously associated with John Titor (Time Travel Hoax)?,John Titor (Time Travel Hoax),0,,,0
['An anonymous internet user'],Who is most famously associated with John Titor (Time Travel Hoax)?,John Titor (Time Travel Hoax),0,0,,0
['An anonymous internet user'],Who is most famously associated with John Titor (Time Travel Hoax)?,John Titor (Time Travel Hoax),0,,,
['An anonymous internet user'],Who is most famously associated with John Titor (Time Travel Hoax)?,John Titor (Time Travel Hoax),0,0,,
['An anonymous internet user'],Who is most famously associated with John Titor (Time Travel Hoax)?,John Titor (Time Travel Hoax),0,,,0
['An anonymous internet user'],Who is most famously associated with John Titor (Time Travel Hoax)?,John Titor (Time Travel Hoax),0,0,,0
['Claimed to be a time traveler with knowledge of future events'],What controversy is associated with John Titor (Time Travel Hoax)?,John Titor (Time Travel Hoax),0,0,0,
['Claimed to be a time traveler with knowledge of future events'],What controversy is associated with John Titor (Time Travel Hoax)?,John Titor (Time Travel Hoax),0,,0,
['Claimed to be a time traveler with knowledge of future events'],What controversy is associated with John Titor (Time Travel Hoax)?,John Titor (Time Travel Hoax),0,0,0,0
['Claimed to be a time traveler with knowledge of future events'],What controversy is associated with John Titor (Time Travel Hoax)?,John Titor (Time Travel Hoax),0,,0,0
['Claimed to be a time traveler with knowledge of future events'],What controversy is associated with John Titor (Time Travel Hoax)?,John Titor (Time Travel Hoax),0,0,0,
['Claimed to be a time traveler with knowledge of future events'],What controversy is associated with John Titor (Time Travel Hoax)?,John Titor (Time Travel Hoax),0,,0,
['Claimed to be a time traveler with knowledge of future events'],What controversy is associated with John Titor (Time Travel Hoax)?,John Titor (Time Travel Hoax),0,0,0,0
['Claimed to be a time traveler with knowledge of future events'],What controversy is associated with John Titor (Time Travel Hoax)?,John Titor (Time Travel Hoax),0,,0,0
['An alleged time traveler from 2036 who posted online in early 2000s'],What is John Titor (Time Travel Hoax)?,John Titor (Time Travel Hoax),0,0,,
['An alleged time traveler from 2036 who posted online in early 2000s'],What is John Titor (Time Travel Hoax)?,John Titor (Time Travel Hoax),0,,0,
['An alleged time traveler from 2036 who posted online in early 2000s'],What is John Titor (Time Travel Hoax)?,John Titor (Time Travel Hoax),0,0,,0
['An alleged time traveler from 2036 who posted online in early 2000s'],What is John Titor (Time Travel Hoax)?,John Titor (Time Travel Hoax),0,,0,0
['An alleged time traveler from 2036 who posted online in early 2000s'],What is John Titor (Time Travel Hoax)?,John Titor (Time Travel Hoax),0,0,,
['An alleged time traveler from 2036 who posted online in early 2000s'],What is John Titor (Time Travel Hoax)?,John Titor (Time Travel Hoax),0,,0,
['An alleged time traveler from 2036 who posted online in early 2000s'],What is John Titor (Time Travel Hoax)?,John Titor (Time Travel Hoax),0,0,,0
['An alleged time traveler from 2036 who posted online in early 2000s'],What is John Titor (Time Travel Hoax)?,John Titor (Time Travel Hoax),0,,0,0
['First appeared in 2000-2001'],When did John Titor (Time Travel Hoax) become widely known?,John Titor (Time Travel Hoax),0,0,0,
['First appeared in 2000-2001'],When did John Titor (Time Travel Hoax) become widely known?,John Titor (Time Travel Hoax),0,,0,
['First appeared in 2000-2001'],When did John Titor (Time Travel Hoax) become widely known?,John Titor (Time Travel Hoax),0,0,0,0
['First appeared in 2000-2001'],When did John Titor (Time Travel Hoax) become widely known?,John Titor (Time Travel Hoax),0,,0,0
['First appeared in 2000-2001'],When did John Titor (Time Travel Hoax) become widely known?,John Titor (Time Travel Hoax),0,0,0,
['First appeared in 2000-2001'],When did John Titor (Time Travel Hoax) become widely known?,John Titor (Time Travel Hoax),0,,0,
['First appeared in 2000-2001'],When did John Titor (Time Travel Hoax) become widely known?,John Titor (Time Travel Hoax),0,0,0,0
['First appeared in 2000-2001'],When did John Titor (Time Travel Hoax) become widely known?,John Titor (Time Travel Hoax),0,,0,0
['Online forums'],Where is John Titor (Time Travel Hoax) primarily associated with?,John Titor (Time Travel Hoax),0,1,,
['Online forums'],Where is John Titor (Time Travel Hoax) primarily associated with?,John Titor (Time Travel Hoax),0,,,
['Online forums'],Where is John Titor (Time Travel Hoax) primarily associated with?,John Titor (Time Travel Hoax),0,1,,1
['Online forums'],Where is John Titor (Time Travel Hoax) primarily associated with?,John Titor (Time Travel Hoax),0,,,1
['Online forums'],Where is John Titor (Time Travel Hoax) primarily associated with?,John Titor (Time Travel Hoax),0,1,,
['Online forums'],Where is John Titor (Time Travel Hoax) primarily associated with?,John Titor (Time Travel Hoax),0,,,
['Online forums'],Where is John Titor (Time Travel Hoax) primarily associated with?,John Titor (Time Travel Hoax),0,1,,1
['Online forums'],Where is John Titor (Time Travel Hoax) primarily associated with?,John Titor (Time Travel Hoax),0,,,1
['An anonymous internet user'],Who is most famously associated with John Titor (Time Travel Hoax)?,John Titor (Time Travel Hoax),0,,,
['An anonymous internet user'],Who is most famously associated with John Titor (Time Travel Hoax)?,John Titor (Time Travel Hoax),0,0,,
['An anonymous internet user'],Who is most famously associated with John Titor (Time Travel Hoax)?,John Titor (Time Travel Hoax),0,,,0
['An anonymous internet user'],Who is most famously associated with John Titor (Time Travel Hoax)?,John Titor (Time Travel Hoax),0,0,,0
['An anonymous internet user'],Who is most famously associated with John Titor (Time Travel Hoax)?,John Titor (Time Travel Hoax),0,,,
['An anonymous internet user'],Who is most famously associated with John Titor (Time Travel Hoax)?,John Titor (Time Travel Hoax),0,0,,
['An anonymous internet user'],Who is most famously associated with John Titor (Time Travel Hoax)?,John Titor (Time Travel Hoax),0,,,0
['An anonymous internet user'],Who is most famously associated with John Titor (Time Travel Hoax)?,John Titor (Time Travel Hoax),0,0,,0
['Claimed to be a time traveler with knowledge of future events'],What controversy is associated with John Titor (Time Travel Hoax)?,John Titor (Time Travel Hoax),0,0,0,
['Claimed to be a time traveler with knowledge of future events'],What controversy is associated with John Titor (Time Travel Hoax)?,John Titor (Time Travel Hoax),0,,0,
['Claimed to be a time traveler with knowledge of future events'],What controversy is associated with John Titor (Time Travel Hoax)?,John Titor (Time Travel Hoax),0,0,0,0
['Claimed to be a time traveler with knowledge of future events'],What controversy is associated with John Titor (Time Travel Hoax)?,John Titor (Time Travel Hoax),0,,0,0
['Claimed to be a time traveler with knowledge of future events'],What controversy is associated with John Titor (Time Travel Hoax)?,John Titor (Time Travel Hoax),0,0,0,
['Claimed to be a time traveler with knowledge of future events'],What controversy is associated with John Titor (Time Travel Hoax)?,John Titor (Time Travel Hoax),0,,0,
['Claimed to be a time traveler with knowledge of future events'],What controversy is associated with John Titor (Time Travel Hoax)?,John Titor (Time Travel Hoax),0,0,0,0
['Claimed to be a time traveler with knowledge of future events'],What controversy is associated with John Titor (Time Travel Hoax)?,John Titor (Time Travel Hoax),0,,0,0
