Treatment,Accuracy
baseline,1.0
L6-P3,0.8484848484848485
L6-P4,0.8636363636363636
L6-P5,0.803030303030303
L8-P3,0.7727272727272727
L8-P4,0.7727272727272727
L8-P5,0.7272727272727273
L8-P6,0.7121212121212122
L8-P7,0.7121212121212122
L8-P8,0.7272727272727273
L10-P3,0.8333333333333334
L10-P4,0.7727272727272727
L10-P5,0.7727272727272727
L12-P3,0.803030303030303
L12-P4,0.7878787878787878
L12-P5,0.7727272727272727
