Treatment,Accuracy
baseline,1.0
L8-P1,0.17647058823529413
L8-P2,0.37254901960784315
L8-P3,0.39215686274509803
L8-P4,0.5490196078431373
L8-P5,0.5686274509803921
L8-P6,0.5882352941176471
plus1,0.39215686274509803
test,0.7843137254901961
